key,design_tag,name,female,culture,religion,birth_date,death_date,birthplace,dynasty,adm,dip,mil,estate,source,confidence,note
antq_aspurgus,BOS,Aspurgus,no,antq_greek_koine,antq_hellenic,,,,antq_aspurgid_claimant_house,,,,,P8.1;OCD;PLE;ZAV-ASP,contested,Contested Bosporan court claimant: recent epigraphic numismatic scholarship places his kingship across AD 1 but the master plan retains Dynamis as the unresolved start anchor.
antq_daeso_buyeo,BUY,Daeso of Buyeo,no,antq_korean,antq_korean_muism,,,,antq_buyeo_royal_house,,,,,P8.3;SAM;AKS-DAE;KCI-BUY,contested,The Korean encyclopaedia gives the conventional 20 BCE-AD 22 reign; scholarly work cautions that Buyeo covers distinct political traditions so no biography dates or successor are scripted.
antq_pythodoris_pontus,CLZ,Pythodoris of Pontus,yes,antq_greek_koine,antq_hellenic,,,,antq_pythodorid_royal_house,,,,,P8.2;OCD;PLE;STR-CLZ;TSU-CLZ,secure,Queen succeeding Polemon in authority over Colchis; no biography dates or broader Pontic territorial reconstruction are scripted.
antq_antonia_tryphaena,CLZ,Antonia Tryphaena,yes,antq_greek_koine,antq_hellenic,,,,antq_pythodorid_royal_house,,,,,BM-TRY,contested,Daughter of Pythodoris of Pontus whose source life span crosses the campaign boundary; a Colchian court-context figure only with no later Thracian marriage queenship children office or biography date scripted.
antq_artaxias_iii_pontus,CLZ,Artaxias III,no,antq_greek_koine,antq_hellenic,,,,antq_pythodorid_royal_house,,,,,BM-POLE,contested,Older son of Polemon Pythodoros and Pythodorida named by the British Museum; a contested Pythodorid court-context figure only with no claim about an AD 1 location Armenian reign office marriage or succession.
antq_polemo_ii,CLZ,Polemo II,no,antq_greek_koine,antq_hellenic,,,,antq_pythodorid_royal_house,,,,,BM-POLE,contested,Son of Polemon Pythodoros and Pythodorida alive across AD 1; a contested Pythodorid court-context figure only with no claim about an exact location later Pontic reign office marriage or succession.
antq_azes_ii,ISK,Azes II,no,antq_saka,antq_brahmanism,,,attock,antq_azes_dynasty,,,,,P8.4;CAH-XI;IRAN-AZES,contested,The plan's Azes start is represented as Azes II; numismatic sequence supports the dynasty in the period but not a precise biography or uncontested individual chronology.
antq_strato_ii,IGR,Strato II,no,antq_greek_koine,antq_hellenic,,,sagala,antq_late_indo_greek_royal_house,,,,,P8.4;CAH-XI;IRAN-IGR,secure,Last Indo-Greek ruler in the eastern Punjab at the AD 1 start; no biography dates or successor are scripted.
antq_strato_iii,IGR,Strato III,no,antq_greek_koine,antq_hellenic,,,sagala,antq_late_indo_greek_royal_house,,,,,P8.4;IRAN-IGR;UQ-STR,contested,University of Queensland collection identifies Strato III as Strato II's son and eventual co-ruler; its broad coin date range crosses AD 1 but does not date the joint issue precisely so this is a court record only with no ruler heir office date or further genealogy.
antq_nambed,PRS,Nambed,no,antq_persian,antq_arsacid_zoroastrianism,,,istakhr,antq_persid_royal_house,,,,,P8.2;OCD;IRAN-PRS;IRIS-NAM,contested,Persid coin authority dated broadly across the first century CE; current placement at AD 1 is source-qualified without biography dates or a successor.
antq_attambelos_ii,CHA,Attambelos II,no,antq_parthian,antq_arsacid_zoroastrianism,,,muhammerah,antq_characenian_royal_house,,,,,P8.2;OCD;IRAN-CHA;SCHU-CHA,contested,Characenian ruler attested by coinage across the AD 1 boundary; no biography dates or successor are scripted.
antq_bhatikabhaya_abhaya,ANU,Bhatikabhaya Abhaya,no,antq_indo_aryan,antq_theravada,,,,antq_anuradhapura_royal_house,,,,,P8.4;CAH-XI;SRI-BHAT,secure,Anuradhapura king securely attested across the AD 1 boundary; biography dates are omitted because regnal chronology varies by source.
antq_mahadathika_mahanaga,ANU,Mahadathika Mahanaga,no,antq_indo_aryan,antq_theravada,,,,antq_anuradhapura_royal_house,,,,,P8.4;SRI-MAH;MV-MAH,secure,Younger brother and eventual successor of Bhatikabhaya Abhaya identified by the inscription record and Mahavamsa; a living court record only with no engine heir office accession date or further genealogy.
antq_helena_adiabene,ADI,Helena of Adiabene,yes,antq_aramaic,antq_arsacid_zoroastrianism,,,,antq_adiabenian_royal_house,,,,,P8.2;IRAN-ADI;POS-ADI,secure,Josephus identifies Helena as Monobazus I's wife and the mother of Izates and the elder Monobazus during Herod's reign. An Adiabenian court record only with no start marriage parent links conversion office residence or biography date scripted.
antq_izates_adiabene,ADI,Izates of Adiabene,no,antq_aramaic,antq_arsacid_zoroastrianism,,,,antq_adiabenian_royal_house,,,,,P8.2;IRAN-ADI;POS-ADI,secure,Josephus records Izates's birth during Herod's reign and Iranica preserves him as Monobazus I's younger designated heir. An Adiabenian court record only with no start heir conversion office residence or biography date scripted.
antq_monobazus_adiabene_younger,ADI,Monobazus of Adiabene,no,antq_aramaic,antq_arsacid_zoroastrianism,,,,antq_adiabenian_royal_house,,,,,P8.2;IRAN-ADI;POS-ADI,secure,Josephus names Helena's elder son Monobazus during Herod's reign and Iranica identifies him as Izates's later successor. An Adiabenian court record only with no start heir succession conversion office residence or biography date scripted.
antq_augustus,ROM,Augustus,no,antq_latin,antq_religio_romana,-63.9.23,14.8.19,rome,antq_julio_claudian_dynasty,,,,,P8.1;OCD,secure,Born 23 September 63 BCE and died 19 August 14 CE; current ruler at the AD 1 start.
antq_livia,ROM,Livia,no,antq_latin,antq_religio_romana,-58.1.30,29.9.28,rome,antq_julio_claudian_dynasty,,,,,P8.1;OCD,secure,Augustus's wife; dates use the conventional modern chronology.
antq_julia_elder,ROM,Julia the Elder,yes,antq_latin,antq_religio_romana,,,,antq_julio_claudian_dynasty,,,,,P8.1;OUP-JUL,secure,Augustus's only daughter by Scribonia; OUP records her exile from 2 BCE and death in late AD 14. A Roman-world context record only with no office marriage exile mechanic fixed residence or biography date scripted.
antq_scribonia,ROM,Scribonia,yes,antq_latin,antq_religio_romana,,,,antq_scribonian_court_line,,,,,P8.1;OCD-SCR,secure,Augustus's former wife and Julia's mother; OCD records that she accompanied Julia into exile in 2 BCE and remained until Julia's AD 14 death. A Roman-world context record only with no office marriage exile mechanic fixed residence or biography date scripted.
antq_vipsania_agrippina,ROM,Vipsania Agrippina,yes,antq_latin,antq_religio_romana,,,,antq_vipsania_agrippina_court_line,,,,,P8.1;OCD-VIP,secure,Daughter of Marcus Vipsanius Agrippa whose Oxford entry is headed d. AD 20 and records her marriages to Tiberius then Gaius Asinius Gallus. A Roman-world context record only with no marriage children office fixed residence or biography date scripted.
antq_gaius_asinius_gallus,ROM,Gaius Asinius Gallus,no,antq_latin,antq_religio_romana,,,,antq_asinian_pollio_court_line,,,,,P8.1;OCD-GAL,secure,Oxford gives this son of Gaius Asinius Pollio a 41 BCE-AD 33 life and his marriage to Vipsania Agrippina. A Roman-world context record only with no campaign office marriage children fixed residence or biography date scripted.
antq_lucius_calpurnius_piso_pontifex,ROM,Lucius Calpurnius Piso,no,antq_latin,antq_religio_romana,,,,antq_calpurnian_piso_court_line,,,,,P8.1;OCD-PISO,secure,Oxford gives the consul of 15 BCE a 48 BCE-AD 32 life. A Roman-world context record only with no campaign office command fixed residence ability or biography date scripted.
antq_publius_sulpicius_quirinius,ROM,Publius Sulpicius Quirinius,no,antq_latin,antq_religio_romana,,,,antq_sulpician_quirinius_court_line,,,,,P8.1;TAC-QUI,secure,Tacitus records Quirinius's Augustan consulship and public funeral in the AD 21 annals. A Roman-world context record only with no campaign governorship census fixed residence ability or biography date scripted.
antq_lucius_arruntius,ROM,Lucius Arruntius,no,antq_latin,antq_religio_romana,,,,antq_arruntian_court_line,,,,,P8.1;TAC-LATER-COURT,secure,Tacitus records Arruntius among the leading Roman figures alive in AD 14 and later names him again. A Roman-world context record only with no campaign office command residence ability or biography date scripted.
antq_manius_lepidus,ROM,Manius Lepidus,no,antq_latin,antq_religio_romana,,,,antq_manius_lepidus_court_line,,,,,P8.1;TAC-LATER-COURT,secure,Tacitus records Manius Lepidus among the leading Roman figures alive in AD 14 and reports his death much later. A Roman-world context record only with no campaign office command residence ability or biography date scripted.
antq_quintus_haterius,ROM,Quintus Haterius,no,antq_latin,antq_religio_romana,,,,antq_haterian_court_line,,,,,P8.1;TAC-LATER-COURT,secure,Tacitus records Haterius active in AD 14 and later reports his death. A Roman-world context record only with no campaign office rhetorical role residence ability or biography date scripted.
antq_gnaeus_calpurnius_piso,ROM,Gnaeus Calpurnius Piso,no,antq_latin,antq_religio_romana,,,,antq_calpurnian_piso_court_line,,,,,P8.1;TAC-LATER-COURT,secure,Tacitus's AD 20 account records Piso as alive and names him among the figures discussed at Augustus's death. A Roman-world context record only with no campaign office command residence ability or later trial outcome scripted.
antq_munatia_plancina,ROM,Munatia Plancina,yes,antq_latin,antq_religio_romana,,,,antq_plancina_court_line,,,,,P8.1;TAC-LATER-COURT,secure,Tacitus records Plancina alive through the Piso proceedings in AD 20 and her later death. A Roman-world context record only with no campaign marriage office residence ability or later trial outcome scripted.
antq_lucius_aelius_lamia,ROM,Lucius Aelius Lamia,no,antq_latin,antq_religio_romana,,,,antq_aelian_lamia_court_line,,,,,P8.1;TAC-LATER-COURT,secure,Tacitus reports Lamia's death in the later Tiberian era. A Roman-world context record only with no campaign Syrian administration urban prefecture residence ability or biography date scripted.
antq_cremutius_cordus,ROM,Cremutius Cordus,no,antq_latin,antq_religio_romana,,,,antq_cremutian_cordus_court_line,,,,,P8.1;TAC-LATER-COURT,secure,Tacitus records Cordus prosecuted during Tiberius's reign. A Roman-world cultural record only with no campaign office publication trial outcome residence ability or biography date scripted.
antq_asinius_agrippa,ROM,Asinius Agrippa,no,antq_latin,antq_religio_romana,,,,antq_asinian_agrippa_court_line,,,,,P8.1;TAC-LATER-COURT,secure,Tacitus records Asinius Agrippa's death in the later Tiberian era. A Roman-world context record only with no campaign office residence ability or asserted relationship to Pollio and Gallus scripted.
antq_publius_quinctilius_varus,ROM,Publius Quinctilius Varus,no,antq_latin,antq_religio_romana,,,,antq_quinctilian_varus_court_line,,,,,P8.1;BM-VAR,secure,British Museum record establishes a Roman official active from 8 BCE through AD 9; a Roman start-context figure only with no engine command frontier posting marriage biography date or Teutoburg outcome scripted.
antq_marcus_valerius_messalla_corvinus,ROM,Marcus Valerius Messalla Corvinus,no,antq_latin,antq_religio_romana,,,,antq_valerian_messalla_court_line,,,,,P8.1;BM-MES,secure,British Museum life dates cross the campaign boundary and identify the Roman general author and patron; a bounded Roman start-context figure only with no office estate ability residence or biography date scripted.
antq_titus_livius,ROM,Titus Livius,no,antq_latin,antq_religio_romana,,,,antq_livian_cultural_line,,,,,P8.1;OCD-LIV,contested,Oxford identifies Livy as an Augustan-era historian whose 59 BCE-AD 17 life span crosses the campaign boundary; a Roman-world cultural record only with no court office exact residence ability or biography date scripted.
antq_publius_ovidius_naso,ROM,Publius Ovidius Naso,no,antq_latin,antq_religio_romana,,,,antq_ovidian_cultural_line,,,,,P8.1;AAP-OVID,contested,The Academy of American Poets records Ovid's 43 BCE-AD 17 life span and residence in Rome before his AD 8 exile; a cultural record only with no office exact residence ability or later exile mechanics scripted.
antq_strabo,ROM,Strabo,no,antq_greek_koine,antq_hellenic,,,,antq_strabonian_cultural_line,,,,,P8.1;BRILL-STR,contested,Brill places Strabo's birth c. 64/3 BCE and death after AD 23 and records repeated sojourns in Rome; a Roman-world cultural record only with no permanent residence office ability or biography date scripted.
antq_athenodorus_cananites,ROM,Athenodorus Cananites,no,antq_greek_koine,antq_hellenic,,,,antq_athenodoran_cultural_line,,,,,P8.1;OCD-ATH;EB-ATH,contested,Oxford identifies Athenodorus as an Augustan court philosopher and the Encyclopaedia Britannica gives his life as c. 74 BCE-AD 7; a Roman-world cultural record only with no start-date office residence ability or technical death date scripted.
antq_marcus_verrius_flaccus,ROM,Marcus Verrius Flaccus,no,antq_latin,antq_religio_romana,,,,antq_verrian_cultural_line,,,,,P8.1;SUET-VER,contested,Suetonius identifies Verrius as Augustus's tutor of Gaius and Lucius and says he died under Tiberius; a Roman-world cultural record only with no employment date office ability residence or biography date scripted.
antq_gaius_asinius_pollio,ROM,Gaius Asinius Pollio,no,antq_latin,antq_religio_romana,,,,antq_asinian_pollio_court_line,,,,,P8.1;OCD-POL,secure,Oxford gives Pollio's 76 BCE-AD 4 life span and records his retirement from politics to literature; a Roman-world record only with no current office residence ability or literary-circle mechanics scripted.
antq_marcus_antistius_labeo,ROM,Marcus Antistius Labeo,no,antq_latin,antq_religio_romana,,,,antq_antistian_labeo_court_line,,,,,P8.1;OCD-LAB;OUP-LAB,contested,Oxford identifies Labeo as a leading Augustan jurist and a Roman Empire reference gives a c. 54 BCE-AD 10/11 life span; a Roman-world record only with no current legal office ability or school mechanics scripted.
antq_gaius_ateius_capito,ROM,Gaius Ateius Capito,no,antq_latin,antq_religio_romana,,,,antq_ateian_capito_court_line,,,,,P8.1;OCD-CAP,secure,Oxford records Capito as a jurist who became consul in AD 5 and died in AD 22; a Roman-world record only with no pre-scripted consulship water office ability or legal-school mechanics.
antq_lucius_aemilius_paullus,ROM,Lucius Aemilius Paullus,no,antq_latin,antq_religio_romana,,,,antq_aemilian_paullus_court_line,,,,,P8.1;FASTI-CONS-AD1,secure,The Fasti list him as ordinary consul alongside Gaius Caesar at the campaign boundary; a Roman start-context figure only with no engine office marriage career biography date or statistic scripted.
antq_marcus_herennius_picens,ROM,Marcus Herennius Picens,no,antq_latin,antq_religio_romana,,,,antq_herennian_picens_court_line,,,,,P8.1;FASTI-CONS-AD1,secure,The Fasti list him as suffect consul from 1 July AD 1; this establishes AD 1 survival only and supplies no campaign-start office date biography statistic or residence claim.
antq_gaius_caesar,ROM,Gaius Caesar,no,antq_latin,antq_religio_romana,-20.1.1,4.2.21,rome,antq_julio_claudian_dynasty,,,,,P8.1;OCD,contested,Gaius is the designated heir in AD 1; his birth day is not securely attested and 1 January is an explicit technical convention.
antq_lucius_caesar,ROM,Lucius Caesar,no,antq_latin,antq_religio_romana,,,,antq_julio_claudian_dynasty,,,,,OCD;TAC-LUC,secure,Augustus's adopted grandson and Gaius's younger co-heir is recorded as a court figure only; no second engine-heir slot office or day-level biography date is invented.
antq_tiberius,ROM,Tiberius,no,antq_latin,antq_religio_romana,-42.11.16,37.3.16,rome,antq_julio_claudian_dynasty,,,,,P8.1;OCD,secure,Present as a court figure only: the generator must not make him heir or adopted before AD 4.
antq_germanicus,ROM,Germanicus,no,antq_latin,antq_religio_romana,,,,antq_julio_claudian_dynasty,,,,,OCD;BM-GER,secure,Julio-Claudian youth recorded for the future Germanic command; no AD 1 office military command adoption or day-level biography date is scripted.
antq_antonia_minor,ROM,Antonia the Younger,yes,antq_latin,antq_religio_romana,,,,antq_julio_claudian_dynasty,,,,,BM-JUL,secure,Augustus's niece and mother of Germanicus and Claudius; a court-only record with no reconstructed household office property marriage field or biography date.
antq_livilla,ROM,Livilla,yes,antq_latin,antq_religio_romana,,,,antq_julio_claudian_dynasty,,,,,P8.1;WIL-LIV,secure,Wiley dates Livilla to c. 13 BCE-AD 31 and identifies her as Antonia the Younger's daughter. A Roman court record only with no marriage children office residence or later Sejanus narrative scripted.
antq_drusus_younger,ROM,Drusus the Younger,no,antq_latin,antq_religio_romana,,,,antq_julio_claudian_dynasty,,,,,BM-JUL,secure,Tiberius's son was alive at the AD 1 boundary; a court-only record with no pre-AD-15 consulship marriage field office or biography date.
antq_claudius,ROM,Claudius,no,antq_latin,antq_religio_romana,,,,antq_julio_claudian_dynasty,,,,,BM-JUL,secure,Son of Nero Drusus and Antonia the Younger and alive at the AD 1 boundary; a court-only record with no later public office accession or biography date.
antq_agrippa_postumus,ROM,Agrippa Postumus,no,antq_latin,antq_religio_romana,,,,antq_vipsanian_court_line,,,,,P8.1;SUET-JUL,secure,Named by Suetonius as Augustus's grandson through Agrippa and Julia and present in the Augustan household; a court figure only with no premature AD 4 adoption heir status office or biography date.
antq_julia_younger,ROM,Julia the Younger,yes,antq_latin,antq_religio_romana,,,,antq_vipsanian_court_line,,,,,P8.1;SUET-JUL,secure,Named by Suetonius as Augustus's granddaughter through Agrippa and Julia and raised in the Augustan household; a court figure only with no engine marriage office exile or biography date.
antq_agrippina_elder,ROM,Agrippina the Elder,yes,antq_latin,antq_religio_romana,,,,antq_vipsanian_court_line,,,,,P8.1;SUET-JUL,secure,Named by Suetonius as Augustus's granddaughter through Agrippa and Julia and raised in the Augustan household; a court figure only with no engine marriage office later children or biography date.
antq_vonones_i,ROM,Vonones,no,antq_parthian,antq_arsacid_zoroastrianism,,,,antq_arsacid_dynasty,,,,,P8.1;P8.2;IRAN-PHR,secure,Arsacid prince among the sons sent to Rome about 10 BCE and resident there at the AD 1 boundary; he is a Roman-hosted court figure only and no future Parthian or Armenian reign is pre-scripted.
antq_herod_agrippa_i,ROM,Herod Agrippa I,no,antq_judean,antq_judaism,,,,antq_herodian_dynasty,,,,,P8.1;JOS-AGR;BM-AGR,secure,Josephus places Agrippa in Rome before Herod's death and says he left only after Drusus's later death; a Roman-hosted Herodian court youth at AD 1 only with no office title command exact date or future kingship scripted.
antq_phraates_younger,ROM,Phraates the Younger,no,antq_parthian,antq_arsacid_zoroastrianism,,,,antq_arsacid_dynasty,,,,,P8.1;P8.2;IRAN-PHR,secure,Older Arsacid son among the brothers sent to Rome about 10 BCE; a Roman-hosted court figure only with no projected Parthian claim office or biography date.
antq_seraspadanes,ROM,Seraspadanes,no,antq_parthian,antq_arsacid_zoroastrianism,,,,antq_arsacid_dynasty,,,,,P8.1;P8.2;IRAN-PHR,secure,Younger Arsacid son sent to Rome about 10 BCE; a Roman-hosted court figure only with no invented office or biography date.
antq_rhodaspes,ROM,Rhodaspes,no,antq_parthian,antq_arsacid_zoroastrianism,,,,antq_arsacid_dynasty,,,,,P8.1;P8.2;IRAN-PHR,secure,Younger Arsacid son sent to Rome about 10 BCE; a Roman-hosted court figure only with no invented office or biography date.
antq_grand_empress_wang,HAN,Grand Empress Dowager Wang,yes,antq_han,antq_chinese_state_cult,-70.1.1,13.2.15,,antq_wang_clan,,,,,P8.3;BHR;CTP-WM,contested,Her birth year is conventionally given as 71 BCE; 1 January is an explicit technical convention pending a dedicated Han prosopography pass. Her Wang natal clan is kept distinct from the House of Liu.
antq_emperor_ping,HAN,Emperor Ping,no,antq_han,antq_chinese_state_cult,-9.6.9,6.2.3,,antq_han_liu_dynasty,,,,,P8.3;BHR,secure,The child emperor reigning at the AD 1 start; death date follows the standard Han chronology.
antq_wang_mang,HAN,Wang Mang,no,antq_han,antq_chinese_state_cult,-45.1.1,23.10.6,,antq_wang_clan,,,,,P8.3;BHR;CTP-WM,contested,"Regent in AD 1 and future usurper; the birth year is attested but day and month are not, so 1 January is an explicit technical convention. His Wang clan label is deliberately distinct from the House of Liu."
antq_wang_shun,HAN,Wang Shun,no,antq_han,antq_chinese_state_cult,,,,antq_wang_clan,,,,,P8.3;CTP-WSH,contested,Wang-clan court official recorded as General of Chariots and Cavalry on Emperor Ping's accession; no biography date continuing office command statistic or regency role is inferred.
antq_kong_guang,HAN,Kong Guang,no,antq_han,antq_chinese_state_cult,,,,antq_kong_clan,,,,,P8.3;CTP-KG,secure,Senior Han court official serving in Emperor Ping's minority and recorded as Grand Tutor then Grand Master in the first Yuan Shi year; court presence only with no unsupported engine office timing statistics or regency role.
antq_zhen_feng,HAN,Zhen Feng,no,antq_han,antq_chinese_state_cult,,,,antq_zhen_court_line,,,,,P8.3;CTP-HR,secure,Named in the Han Shu account of Wang Mang's active regency circle and the first Yuan Shi-year Four Assistants sequence; court presence only with no engine office date statistic or regency role inferred.
antq_zhen_han,HAN,Zhen Han,no,antq_han,antq_chinese_state_cult,,,,antq_zhen_court_line,,,,,P8.3;CTP-HR,secure,Named in the Han Shu account of Wang Mang's active regency circle and the first Yuan Shi-year court decree; court presence only with no engine office date statistic or regency role inferred.
antq_ping_yan,HAN,Ping Yan,no,antq_han,antq_chinese_state_cult,,,,antq_ping_court_line,,,,,P8.3;CTP-HR,secure,Named in the Han Shu account as managing secret affairs for Wang Mang's active regency circle; court presence only with no engine office date statistic or regency role inferred.
antq_liu_xin,HAN,Liu Xin,no,antq_han,antq_chinese_state_cult,,,,antq_liu_xin_court_line,,,,,P8.3;CTP-HR,secure,Named in the Han Shu account as overseeing literary affairs for Wang Mang's active regency circle; court presence only with no engine office date statistic or regency role inferred.
antq_wang_yi,HAN,Wang Yi,no,antq_han,antq_chinese_state_cult,,,,antq_wang_yi_court_line,,,,,P8.3;CTP-HR,secure,Named as one of Wang Mang's trusted confidants in the Han Shu account of the active AD 1 regency circle; court presence only with no inferred office dates abilities regency role or relationship to the Wang consort kin.
antq_sun_jian_court,HAN,Sun Jian,no,antq_han,antq_chinese_state_cult,,,,antq_sun_jian_court_line,,,,,P8.3;CTP-HR,secure,Named in the Han Shu account as an enforcer within Wang Mang's active regency circle; court presence only with no engine office date ability score or later-career projection.
antq_zhen_xun,HAN,Zhen Xun,no,antq_han,antq_chinese_state_cult,,,,antq_zhen_court_line,,,,,P8.3;CTP-HR,secure,Named as Zhen Feng's son and a recipient of Wang Mang's favor in the account of the active regency circle; no parent link office date ability score or wider genealogy is inferred.
antq_liu_fen,HAN,Liu Fen,no,antq_han,antq_chinese_state_cult,,,,antq_liu_xin_court_line,,,,,P8.3;CTP-HR,secure,Named as Liu Xin's son and a recipient of Wang Mang's favor in the account of the active regency circle; no parent link office date ability score or relationship to the ruling House of Liu is inferred.
antq_cui_fa,HAN,Cui Fa,no,antq_han,antq_chinese_state_cult,,,,antq_cui_fa_court_line,,,,,P8.3;CTP-HR,secure,Named as a talented recipient of Wang Mang's favor in the account of the active regency circle; court presence only with no inferred office dates abilities or genealogy.
antq_chen_chong,HAN,Chen Chong,no,antq_han,antq_chinese_state_cult,,,,antq_chen_chong_court_line,,,,,P8.3;CTP-HR,secure,Named as a talented recipient of Wang Mang's favor in the account of the active regency circle; court presence only with no inferred office dates abilities or genealogy.
antq_wang_yun,HAN,Wang Yun,no,antq_han,antq_chinese_state_cult,,,,antq_wang_yun_court_line,,,,,P8.3;CTP-PING1,contested,Named in the first Yuan Shi-year Han Shu annal among the officials credited with Emperor Ping's accession; court context only with no continuing office date ability regency role or relationship to the Wang consort kin inferred.
antq_liu_bue,HAN,Liu Bu'e,no,antq_han,antq_chinese_state_cult,,,,antq_liu_bue_court_line,,,,,P8.3;CTP-PING1,contested,Named in the first Yuan Shi-year Han Shu annal among the officials credited with Emperor Ping's accession; court context only with no continuing office date ability regency role or relationship to the House of Liu inferred.
antq_ren_cen,HAN,Ren Cen,no,antq_han,antq_chinese_state_cult,,,,antq_ren_cen_court_line,,,,,P8.3;CTP-PING1,contested,Named in the first Yuan Shi-year Han Shu annal among the officials credited with Emperor Ping's accession; court context only with no continuing office date ability or regency role inferred.
antq_kong_yong,HAN,Kong Yong,no,antq_han,antq_chinese_state_cult,,,,antq_kong_yong_court_line,,,,,P8.3;CTP-PING1,contested,Named in the first Yuan Shi-year Han Shu annal among the officials credited with Emperor Ping's accession; court context only with no continuing office date ability regency role or relationship to Kong Guang inferred.
antq_shi_xu,HAN,Shi Xu,no,antq_han,antq_chinese_state_cult,,,,antq_shi_xu_court_line,,,,,P8.3;CTP-PING1,contested,Named in the first Yuan Shi-year Han Shu annal among the officials credited with Emperor Ping's accession; court context only with no continuing office date ability or regency role inferred.
antq_wei_ji,HAN,Wei Ji,yes,antq_han,antq_chinese_state_cult,,,anxi_dingzhou,antq_wei_maternal_line,,,,,P8.3;CTP-WY,secure,Emperor Ping's named mother was honoured as Zhongshan Queen Dowager and ordered to remain in Zhongshan; represented only as a bounded Han family-context record with no Chang'an residence office date or political role inferred.
antq_wei_bao,HAN,Wei Bao,no,antq_han,antq_chinese_state_cult,,,anxi_dingzhou,antq_wei_maternal_line,,,,,P8.3;CTP-WY,secure,Named maternal uncle of Emperor Ping who was granted a rank and ordered to remain in Zhongshan; no office biography date political role or complete Wei genealogy is inferred.
antq_wei_xuan,HAN,Wei Xuan,no,antq_han,antq_chinese_state_cult,,,anxi_dingzhou,antq_wei_maternal_line,,,,,P8.3;CTP-WY,secure,Named younger maternal uncle of Emperor Ping who was granted a rank and ordered to remain in Zhongshan; no office biography date political role or complete Wei genealogy is inferred.
antq_wang_yu,HAN,Wang Yu,no,antq_han,antq_chinese_state_cult,,,,antq_wang_clan,,,,,P8.3;CTP-WY,contested,Named son of Wang Mang active in the early Yuan Shi court conflict; court context only with no engine parent link office date ability or later punishment pre-scripted.
antq_wu_zhang,HAN,Wu Zhang,no,antq_han,antq_chinese_state_cult,,,,antq_wu_zhang_court_line,,,,,P8.3;CTP-WY,contested,Named as Wang Yu's teacher and associate in the early Yuan Shi court conflict; no court office date ability biography or wider relationship is inferred.
antq_lu_kuan,HAN,Lu Kuan,no,antq_han,antq_chinese_state_cult,,,,antq_lu_kuan_court_line,,,,,P8.3;CTP-WY,contested,Named as Wang Yu's relative by marriage and associate in the early Yuan Shi court conflict; no court office date ability marriage detail biography or wider genealogy is inferred.
antq_yang_xiong,HAN,Yang Xiong,no,antq_han,antq_chinese_state_cult,,,,antq_yang_xiong_court_line,,,,,P8.3;CTP-YX,secure,The Han Shu records Yang Xiong as holding an unchanged court post through the reigns of Cheng Ai and Ping; a scholarly court record only with no engine office ability biography date or later Xin service scripted.
antq_huan_tan,HAN,Huan Tan,no,antq_han,antq_chinese_state_cult,,,,antq_huan_tan_court_line,,,,,P8.3;UM-HUAN,contested,Academic reference identifies the Han-Xin scholar-official as maintaining a court position across four reigns; a deliberately contested Han scholarly context only with no exact January office ability biography date or later service scripted.
antq_monobazus_i,ADI,Monobazus I,no,antq_aramaic,antq_arsacid_zoroastrianism,,,erbil,antq_adiabenian_royal_house,,,,,P8.2;IRAN-ADI;CAM-ADI,contested,Academic sources place Monobazus I's Adiabenian reign broadly across the campaign boundary; no accession day biography family conversion or later succession is scripted.
antq_musa,PAR,Musa,yes,antq_parthian,antq_arsacid_zoroastrianism,,,,antq_arsacid_dynasty,,,,,P8.2;CAH-XI;OCD,contested,"Queen-mother and co-ruler; the available source does not support a precise biographical date, so none is scripted."
antq_phraates_v,PAR,Phraates V,no,antq_parthian,antq_arsacid_zoroastrianism,,,,antq_arsacid_dynasty,,,,,P8.2;CAH-XI;OCD,secure,Arsacid King of Kings in AD 1; source bounds his accession and reign but does not justify fabricated day-level biography dates.
antq_maroboduus,MCM,Maroboduus,no,antq_germanic,antq_germanic_religion,,,,antq_marcomannic_royal_house,,,,,P8.7;CAH-XI,secure,King of the Marcomanni at the AD 1 start; no day-level biography date is scripted.
antq_arminius,ROM,Arminius,no,antq_germanic,antq_germanic_religion,,,,antq_cheruscan_nobility,,,,,P8.7;CAH-XI,secure,Cheruscan aristocrat recorded as serving in the Roman military before the Teutoburg situation; not a Roman ruler or heir.
antq_juba_ii,MAU,Juba II,no,antq_berber,antq_berber_religion,,,,antq_numidian_royal_house,,,,,P8.1;OCD,secure,Roman client king of Mauretania at the AD 1 start; no fabricated day-level biography date.
antq_cleopatra_selene_ii,MAU,Cleopatra Selene II,yes,antq_greek_koine,antq_hellenic,,,,antq_ptolemaic_dynasty,,,,,P8.1;OCD,secure,Ptolemaic queen at the Mauretanian court; represented with her own dynasty rather than assimilating her to Juba's line.
antq_ptolemy_mauretania,MAU,Ptolemy of Mauretania,no,antq_greek_koine,antq_hellenic,,,,antq_ptolemaic_dynasty,,,,,OCD-PTO,secure,Son of Juba II and Cleopatra Selene and later king from AD 23; present as a court figure only because succession does not establish a formal AD 1 engine-heir appointment.
antq_aretas_iv,NAB,Aretas IV,no,antq_nabataean_arab,antq_arabian_polytheism,,,,antq_nabataean_royal_house,,,,,P8.1;OCD,secure,Nabataean king at the AD 1 start; no day-level biography date is scripted.
antq_huldu,NAB,Huldu,yes,antq_nabataean_arab,antq_arabian_polytheism,,,,antq_huldu_court_line,,,,,P8.1;OCD;BM-HULD,secure,First wife of Aretas IV throughout the opening twenty-two years of his reign and coin-attested beside him in AD 1-2; a consort record only with no inferred natal dynasty biography date office or constitutional authority.
antq_malichus_ii,NAB,Malichus II,no,antq_nabataean_arab,antq_arabian_polytheism,,,,antq_nabataean_royal_house,,,,,P8.1;HEI-MAL;ANS-MAL,contested,Peer-reviewed numismatic reconstruction treats the later successor Malichus as probably Aretas IV's firstborn and older than a fourth son commemorated in 5 BCE; a contested living court record only with no engine heir title office date maternal link or further genealogy.
antq_natakamani,KUS,Natakamani,no,antq_nubian,antq_kushite_amun,,,,antq_kushite_royal_house,,,,,P8.5;CAH-XI;PLE,secure,Kushite king at the AD 1 start and the named co-ruler in the plan's roster.
antq_amanitore,KUS,Amanitore,yes,antq_nubian,antq_kushite_amun,,,,antq_kushite_royal_house,,,,,P8.5;CAH-XI;PLE,contested,Kushite kandake and co-ruler; the engine consort slot is a technical representation and does not assert an unresolved personal relationship.
antq_wuzhuliu,XIO,Wuzhuliu Chanyu,no,antq_xiongnu,antq_tengri,,,,antq_luandi_clan,,,,,P8.3;CAH-XI,secure,Xiongnu chanyu at the AD 1 start; no day-level biography date is scripted.
antq_xian_wulei,XIO,Xian (Wulei),no,antq_xiongnu,antq_tengri,,,,antq_luandi_clan,,,,,P8.3;CTP-WUL,secure,Named as Wuzhuliu Chanyu's younger brother in the early Tianfeng-era succession record; a living court record only with no campaign-start chanyu title office date or further genealogy.
antq_yuri_goguryeo,GOG,Yuri of Goguryeo,no,antq_korean,antq_korean_muism,,,,antq_go_royal_house,,,,,P8.3;SAM,secure,Second Goguryeo king whose conventional reign spans 19 BCE to AD 18.
antq_tasciovanus,CAT,Tasciovanus,no,antq_brittonic,antq_celtic_religion,,,,antq_catuvellaunian_royal_house,,,,,P8.7;CAH-XI,contested,Catuvellaunian ruler at the AD 1 start; the plan reserves Cunobelinus's prominence for the later succession.
antq_cunobelinus,CAT,Cunobelinus,no,antq_brittonic,antq_celtic_religion,,,,antq_catuvellaunian_royal_house,,,,,P8.7;CAH-XI,contested,Catuvellaunian successor figure represented as the named heir without an invented day-level biography date.
antq_tincomarus,ATB,Tincomarus,no,antq_brittonic,antq_celtic_religion,,,,antq_atrebatian_royal_house,,,,,P8.7;CCI-TIN,secure,Atrebatic coin authority dated 20 BCE to AD 10 and therefore current at the campaign boundary; no personal dates genealogy or later deposition are scripted.
antq_eppillus,ATB,Eppillus,no,antq_brittonic,antq_celtic_religion,,,,antq_eppillus_court_line,,,,,P8.7;CCI-EPP,contested,Coin-attested Eppillus is placed as an Atrebatic court figure because the Oxford record names Atrebates as state and Cantii as authority across a range including AD 1; no ruler replacement kinship office biography date or territorial settlement is inferred.
antq_dubnovellaunos,TRI,Dubnovellaunos,no,antq_brittonic,antq_celtic_religion,,,,antq_dubnovellaunos_court_line,,,,,P8.7;CCI-DUB,contested,Oxford coin records name Dubnovellaunos as ruler and Trinovantes as state across a range including AD 1; no personal dates genealogy Cantii settlement or later Catuvellaunian sequence is inferred.
antq_addedomaros,TRI,Addedomaros,no,antq_brittonic,antq_celtic_religion,,,,antq_addedomaros_court_line,,,,,P8.7;CCI-ADD,contested,Oxford's Addedomaros coin type is dated 50 BCE to AD 10 and labels him ruler of the Trinovantes with Catuvellaunian authority metadata; a contested court record only with no ruler replacement genealogy territory office or biography date inferred.
antq_salome_i,JUD,Salome I,yes,antq_judean,antq_judaism,,,,antq_herodian_dynasty,,,,,P8.1;JOS-SAL,secure,Herod's sister held Jamnia Ashdod and Phasaelis under the post-4 BCE settlement within Archelaus's governmental sphere; a Judean court figure only with no invented life date or separate state claim.
antq_herod_agrippa_brother,JUD,Herod son of Aristobulus,no,antq_judean,antq_judaism,,,,antq_herodian_dynasty,,,,,P8.1;JOS-AGR,contested,Josephus names Herod as Agrippa's brother and describes the brothers as infants left by their executed father and later adults; a contested Judean Herodian family-court context only with no AD 1 residence marriage office Chalcidian kingship date or successor scripted.
antq_aristobulus_agrippa_brother,JUD,Aristobulus son of Aristobulus,no,antq_judean,antq_judaism,,,,antq_herodian_dynasty,,,,,P8.1;JOS-AGR,contested,Josephus names Aristobulus as Agrippa's brother and records his later marriage after the brothers were left as infants by their executed father; a contested Judean Herodian family-court context only with no AD 1 residence marriage office or date scripted.
antq_herod_ii,JUD,Herod II,no,antq_judean,antq_judaism,,,,antq_herodian_dynasty,,,,,P8.1;JOS-HER2,secure,Josephus names Herod II as Herod Antipas's brother and records him alive in the later Aretas conflict narrative. A Judean-world court-context record only with no start residence marriage office title or biography date scripted.
antq_herodias,JUD,Herodias,yes,antq_judean,antq_judaism,,,,antq_herodian_dynasty,,,,,P8.1;JOS-HER2,secure,Josephus names Herodias as Aristobulus's daughter and Agrippa's sister and records her alive in the later Aretas conflict narrative. A Judean-world court-context record only with no start residence marriage office title or biography date scripted.
antq_herod_archelaus,JUD,Herod Archelaus,no,antq_judean,antq_judaism,,,,antq_herodian_dynasty,,,,,P8.1;OCD,secure,Herodian ethnarch of Judea and Samaria at the AD 1 start; distinct from the Cappadocian king of the same name.
antq_herod_antipas,GAL,Herod Antipas,no,antq_judean,antq_judaism,,,,antq_herodian_dynasty,,,,,P8.1;OCD,secure,Herodian tetrarch of Galilee and Peraea at the AD 1 start.
antq_philip_tetrarch,BAT,Philip the Tetrarch,no,antq_judean,antq_judaism,,,,antq_herodian_dynasty,,,,,P8.1;OCD,secure,Herodian tetrarch of Batanea and the northern territories at the AD 1 start.
antq_archelaus_cappadocia,CAP,Archelaus of Cappadocia,no,antq_greek_koine,antq_hellenic,,,,antq_cappadocian_royal_house,,,,,P8.1;OCD,secure,Roman client king of Cappadocia from 36 BCE to AD 17; distinct from Herod Archelaus of Judea.
antq_glaphyra_cappadocia,CAP,Glaphyra of Cappadocia,yes,antq_greek_koine,antq_hellenic,,,,antq_cappadocian_royal_house,,,,,P8.1;JOS-GLA,secure,Josephus identifies her as King Archelaus of Cappadocia's daughter and places her alive in the later tenth-year episode of Herod Archelaus's rule; a living court record only with no campaign-start marriage office date residence or further genealogy scripted.
antq_tigranes_v_cappadocia,CAP,Tigranes V,no,antq_greek_koine,antq_hellenic,,,,antq_cappadocian_royal_house,,,,,P8.1;JOS-TIG;OCD-TIG5;ANRO-TIG5,secure,Josephus names Tigranes as Glaphyra's son and the Oxford entry identifies him as a descendant of the Cappadocian and Herodian houses; a dated numismatic collection places his later Armenian reign in AD 6-12. A Cappadocian court record only with no start Armenian office marriage succession claim or biography date scripted.
antq_antiochus_iii_commagene,COM,Antiochus III of Commagene,no,antq_aramaic,antq_hellenic,,,,antq_orontid_dynasty,,,,,P8.1;OCD,secure,Commagene king from 12 BCE to AD 17 and Roman client at the AD 1 start.
antq_rhoemetalces_i,THR,Rhoemetalces I,no,antq_greek_koine,antq_hellenic,,,,antq_sapaean_dynasty,,,,,P8.1;OCD,secure,Odrysian Thracian client king whose reign spans the AD 1 start.
antq_pythodoris_thrace,THR,Pythodoris of Thrace,yes,antq_greek_koine,antq_hellenic,,,,antq_sapaean_dynasty,,,,,P8.1;OCD,contested,Represented in the consort slot for the Rhoemetalces I court pending a dedicated Thracian prosopography pass.
antq_cotys_thrace,THR,Cotys of Thrace,no,antq_greek_koine,antq_hellenic,,,,antq_sapaean_dynasty,,,,,P8.1;OCD;TAC-THR,secure,Named by Tacitus as Rhoemetalces I's son in the Augustan succession settlement; a living court record only with no engine heir title reign date office or reconstructed genealogy.
antq_rhascyporis_thrace,THR,Rhascyporis of Thrace,no,antq_greek_koine,antq_hellenic,,,,antq_sapaean_dynasty,,,,,P8.1;TAC-THR;MGL-THR,secure,Tacitus calls Rhescuporis Rhoemetalces I's brother in the later Augustan succession settlement; Paunov dates the AD 12 division which proves survival at the AD 1 start. A living court record only with no campaign-start title co-rule office date or reconstructed genealogy.
antq_dynamis,BOS,Dynamis,yes,antq_greek_koine,antq_hellenic,,,,antq_mithridatic_dynasty,,,,,P8.1;OCD;PLE,contested,Bosporan client queen in the plan's deliberately contested AD 1 succession configuration.
antq_iamblichus_ii,EME,Iamblichus II,no,antq_aramaic,antq_hellenic,,,,antq_sampsigeramid_dynasty,,,,,P8.1;OCD;PLE,secure,Emesan dynast at the AD 1 start; no unsupported precise biography date is scripted.
antq_sampsigeramus_ii,EME,Sampsigeramus II,no,antq_aramaic,antq_hellenic,,,,antq_sampsigeramid_dynasty,,,,,P8.1;LBD-EME,contested,Later Emesan king identified by the Lexham scholarly summary as Iamblichus II's probable descendant; a living court record only with no start office title accession day or reconstructed genealogy.
antq_yu_huduershidaogao,XIO,Yu (Huduershidaogao),no,antq_xiongnu,antq_tengri,,,,antq_luandi_clan,,,,,P8.3;CTP-XIO,secure,Named in the Xiongnu succession material and later recorded as Huduershidaogao Chanyu; a living court record only with no campaign-start chanyu office biography date or complete clan reconstruction.
antq_yituzhiyashi,XIO,Yituzhiyashi,no,antq_xiongnu,antq_tengri,,,,antq_luandi_clan,,,,,P8.3;CTP-XIO,secure,Named in the post-boundary Xiongnu succession material as a living next-in-line prince; a court record only with no campaign-start title office biography date or genealogy beyond the source notice.
antq_segestes,CRU,Segestes,no,antq_germanic,antq_germanic_religion,,,,antq_cheruscan_nobility,,,,,P8.7;TAC-CHER,secure,Cheruscan elder directly attested in the Germanicus narrative after the campaign boundary; a living Cheruscan court record only with no start chieftain office location marriage or biography date.
antq_inguiomerus,CRU,Inguiomerus,no,antq_germanic,antq_germanic_religion,,,,antq_cheruscan_nobility,,,,,P8.7;TAC-CHER,secure,Arminius's uncle directly attested in the post-boundary Germanicus narrative; a living Cheruscan court record only with no start command office location or biography date.
antq_segimerus,CRU,Segimerus,no,antq_germanic,antq_germanic_religion,,,,antq_cheruscan_nobility,,,,,P8.7;DIO-CHER,secure,Cassius Dio names Segimerus beside Arminius among the leaders of the AD 9 plot and war; a living Cheruscan court record only with no start chieftain office location or biography date.
antq_flavus,CRU,Flavus,no,antq_germanic,antq_germanic_religion,,,,antq_cheruscan_nobility,,,,,P8.7;TAC-CHER,secure,Tacitus identifies Flavus as Arminius's brother and an established Roman-service soldier by AD 16; a living Cheruscan-context record only with no campaign office command residence or biography date.
antq_thusnelda,CRU,Thusnelda,yes,antq_germanic,antq_germanic_religion,,,,antq_cheruscan_nobility,,,,,P8.7;TAC-CHER,secure,Tacitus identifies Thusnelda as Segestes's daughter and Arminius's wife in the AD 16 narrative and describes their pre-AD 9 marriage conflict; a living Cheruscan-context record only with no start marriage mechanic office residence or biography date.
antq_segimundus,CRU,Segimundus,no,antq_germanic,antq_germanic_religion,,,,antq_cheruscan_nobility,,,,,P8.7;TAC-CHER,contested,Tacitus names Segimundus as Segestes's son and recalls his AD 9 Ubii-altar priesthood; a contested Cheruscan-context record only with no start priesthood office residence or biography date.
antq_artabanus_ii,PAR,Artabanus II,no,antq_parthian,antq_arsacid_zoroastrianism,,,,antq_arsacid_dynasty,,,,,P8.2;IRAN-ARTAB,contested,Academic chronology dates Artabanus II's disputed accession to AD 10-11 and treats his birthplace as unresolved; a contested living Arsacid court record only with no start claim office residence ability or biography date.
antq_orodes_iii,PAR,Orodes III,no,antq_parthian,antq_arsacid_zoroastrianism,,,,antq_arsacid_dynasty,,,,,P8.2;JOS-ORO,contested,Josephus records Orodes as the Arsacid choice after Phraates V's death; a contested living court record inferred from the near-boundary succession only with no start claim office residence ability or biography date.
antq_abinergaos_i,CHA,Abinergaos I,no,antq_parthian,antq_arsacid_zoroastrianism,,,,antq_characenian_court_line,,,,,P8.2;IRIS-ABI,contested,IRIS records Abinergaos as Characenian coin authority from AD 10; a contested living Characenian court record only with no start reign title succession office residence or biography date.
antq_abgar_v,OSR,Abgar V Ukkama,no,antq_aramaic,antq_arsacid_zoroastrianism,,,,antq_abgarid_dynasty,,,,,P8.2;OCD;PLE,secure,Abgarid king of Osroene in his first tenure from 4 BCE to AD 7.
antq_ariobarzanes_ii_atropatene,ATR,Ariobarzanes II,no,antq_median,antq_arsacid_zoroastrianism,,,,antq_atropatenian_royal_house,,,,,P8.2;OCD;PLE;IRAN-ATR,secure,King of Media Atropatene at the AD 1 start; his later Armenian appointment is not pre-scripted.
antq_tigranes_iv,ARM,Tigranes IV,no,antq_armenian,antq_arsacid_zoroastrianism,,,,antq_artaxiad_dynasty,,,,,P8.2;CAH-XI;PLE;IRAN-ARM,contested,Joint Armenian ruler at the AD 1 boundary; the exact intra-year succession is intentionally not pre-scripted.
antq_erato_armenia,ARM,Erato,yes,antq_armenian,antq_arsacid_zoroastrianism,,,,antq_artaxiad_dynasty,,,,,P8.2;CAH-XI;PLE;IRAN-ARM,contested,Artaxiad co-ruler represented in the consort slot without asserting a resolved AD 1 succession date.
antq_pharasmanes_i,IBR,Pharasmanes I,no,antq_kartvelian,antq_arsacid_zoroastrianism,,,,antq_pharnavazid_dynasty,,,,,P8.2;OCD;PLE;TOUM-IBR,contested,King of Caucasian Iberia whose conventional accession is c. AD 1; no unsupported exact accession day is scripted.
