key,name,description,category,pop_type,employment_size,build_time,modifier,maintenance,goods,source,confidence,note,icon_subject
antq_reg_olive_press,Olive Press,A reusable antique olive-crushing and oil-storage installation serving a city and its cultivated hinterland.,basic_industry_category,burghers,guild_employment,guild_build_time,local_production_efficiency=0.02,olives=0.16;pottery=0.05;tools=0.04;lumber=0.03,olives;pottery;tools;lumber,MET-ROMAN-HOUSING;MET-ROMAN-TRADE,secure,This represents the documented production class at a regional market point and does not identify a particular estate or press.,Ancient Mediterranean olive press with stone crushing basin beam press woven mats amphorae and olive branches
antq_reg_wine_press,Wine Press,A reusable antique grape-pressing and amphora-storage installation serving a city and its cultivated hinterland.,basic_industry_category,burghers,guild_employment,guild_build_time,local_production_efficiency=0.02,wine=0.16;pottery=0.06;tools=0.04;lumber=0.03,wine;pottery;tools;lumber,MET-ROMAN-TRADE,secure,This represents the documented wine-production and transport class at a regional market point and does not identify a particular vintage or estate.,Ancient grape wine press with wooden screw press purple grapes clay amphorae and tiled work yard
antq_reg_fish_saltery,Fish Saltery,A reusable coastal fish-salting and sauce-production workshop with vats storage jars and packing space.,basic_industry_category,burghers,guild_employment,guild_build_time,local_production_efficiency=0.025,fish=0.18;salt=0.16;pottery=0.06;lumber=0.03;tools=0.03,fish;salt;pottery;lumber;tools,BAELO-SALTERY,secure,The family is based on securely documented Roman cetariae; individual city placements are regional maritime-market proxies not excavated-factory claims.,Ancient Roman fish saltery with square stone vats fish baskets salt sacks amphorae and a low sea wall
antq_reg_pottery_kiln,Pottery Kiln,A reusable kiln and working yard for amphorae tableware and other ceramic containers used by the regional economy.,basic_industry_category,burghers,guild_employment,guild_build_time,local_production_efficiency=0.025,clay=0.18;lumber=0.10;tools=0.05,clay;lumber;tools,BM-ARRETINE;BM-MEMPHIS,secure,The family is supported by early imperial workshop evidence but no seed claims a named potter or a particular kiln at the engine location.,Ancient pottery kiln with domed firing chamber stacked amphorae clay jars potter wheel and wood fuel
antq_reg_fullonica,Fullonica,A reusable washing finishing and dyeing workshop for wool and cloth in a dense antique urban market.,basic_industry_category,burghers,guild_employment,guild_build_time,local_production_efficiency=0.02,wool=0.10;cloth=0.10;dyes=0.05;tools=0.03,wool;cloth;dyes;tools,POM-FULLONICA,secure,The family models the securely attested fulling craft class rather than transplanting Pompeii's named workshop or owner to another city.,Ancient Roman textile fullery with shallow washing vats hanging dyed cloth baskets and workers in a sunlit courtyard
antq_reg_glassworks,Glassworks,A reusable furnace workshop for blown and cast glass vessels within a connected Mediterranean and Near Eastern craft economy.,basic_industry_category,burghers,guild_employment,guild_build_time,local_production_efficiency=0.025,glass=0.12;clay=0.08;lumber=0.06;tools=0.04,glass;clay;lumber;tools,MET-ROMAN-GLASS,secure,The family records a broad Roman-era craft industry and east-Mediterranean technical lineage; it does not assign a named artisan or exact furnace to a seed.,Ancient glass furnace with glowing crucible glassblower pipe translucent vessels and small clay molds
antq_reg_dye_workshop,Dye Workshop,A reusable vat-and-drying workshop for regional dyestuffs and cloth finishing including the eastern Mediterranean purple-dye tradition.,basic_industry_category,burghers,guild_employment,guild_build_time,local_production_efficiency=0.02,dyes=0.12;cloth=0.10;fish=0.04;tools=0.03,dyes;cloth;fish;tools,UNESCO-TYRE;POM-FULLONICA,contested,Tyre's purple association and textile dyeing are documented but each seed is only a broad market proxy and does not claim a murex workshop.,Ancient dye workshop with large colored vats hanging wool cloth shell baskets and open courtyard racks
antq_reg_metalwork,Metalwork Shop,A reusable smithing workshop producing and repairing ordinary metal tools fittings and household goods for a regional market.,basic_industry_category,burghers,guild_employment,guild_build_time,local_production_efficiency=0.02,iron=0.11;copper=0.05;coal=0.05;tools=0.04,iron;copper;coal;tools,P12.1,secure,The plan's ancient metal-goods baseline supports a generic market craft family; it is not a claim of a named mine foundry or weapon factory.,Ancient metalworking shop with charcoal hearth anvil tongs iron bars copper bowls and hand tools
antq_reg_stone_yard,Stone Yard,A reusable stone-cutting and masonry yard supplying repair and construction material to an antique regional market.,basic_industry_category,laborers,guild_employment,guild_build_time,local_production_efficiency=0.015,stone=0.12;masonry=0.10;marble=0.05;lumber=0.04;tools=0.05,stone;masonry;marble;lumber;tools,P12.1,secure,The family models ordinary antique construction supply rather than a named quarry concession monument programme or quantified output.,Ancient stone yard with dressed blocks wooden crane marble column drums mason chisels and stacked timber
antq_reg_shipyard,Antique Shipyard,A reusable wooden-hull repair and fitting yard supplying coastal exchange and river or sea transport.,naval_category,soldiers,dock_employment,medium_port_building_time,local_sailors=0.008;local_repair_speed=0.008,lumber=0.16;naval_supplies=0.10;tar=0.06;cloth=0.05;tools=0.07,lumber;naval_supplies;tar;cloth;tools,DAR-NAVALIA;MET-ROMAN-TRADE,contested,The family is a restrained ship-repair proxy for established maritime markets and never asserts a naval order of battle or a port's exact ancient plan.,Ancient wooden shipyard with small merchant vessel on slipway timber ribs sailcloth rope coils tar jars and workmen
antq_reg_silk_loom,Silk Loom,A reusable sericulture and silk-weaving workshop representing the deliberately east-bound silk craft of the early imperial world.,consumer_goods_category,burghers,guild_employment,guild_build_time,local_production_efficiency=0.02,fiber_crops=0.12,fiber_crops,P12.1;BHR,secure,The family is restricted to documented Han market anchors and does not claim a particular imperial workshop or a quantified monopoly.,Han-era silk loom with mulberry leaves cocoons hand loom dyed silk thread and woven cloth
antq_reg_scriptorium,Scriptorium,A reusable writing and copying workshop for books records and learned exchange in an antique city.,consumer_goods_category,clergy,religious_building_employment,guild_build_time,local_clergy_max_literacy=0.015,dyes=0.05;paper=0.20;lumber=0.10,dyes;paper;lumber,P12.1;P12.3,contested,The building is an engine adapter for antique writing and copying rather than a claim for a named library or school at a seed.,Antique scriptorium with papyrus scrolls ink pots reed pens writing table and limestone shelves
antq_reg_jeweler,Jewelers' Quarter,A reusable precious-metal and gem-working shop serving elite and ritual demand in a connected antique market.,consumer_goods_category,burghers,guild_employment,guild_build_time,local_merchant_power=0.01,goods_gold=0.08,goods_gold,P12.1;MET-ROMAN-TRADE,contested,The family records a broad ancient goldsmithing class and never identifies a named workshop artisan or mine concession.,Ancient jeweler workshop with gold chains gemstones small furnace scales bowls and seated goldsmith
antq_reg_weapon_smith,Weapon Smithy,A reusable smithy for edged weapons fittings and repair supporting an antique city and its frontier connections.,weapons_industry_category,burghers,guild_employment,guild_build_time,local_garrison_size=0.01,lumber=0.08;coal=0.10;tools=0.12,lumber;coal;tools,P12.1;P12.3,contested,The family represents ordinary antique arms craft and repair rather than a named state arsenal troop strength or order of battle.,Ancient iron weapon smithy with forge anvil tongs sword blanks spearheads shields and charcoal
antq_reg_cotton_weavery,Cotton Weavery,A reusable spinning and weaving workshop for cotton cloth at a documented South Asian market anchor.,consumer_goods_category,burghers,guild_employment,guild_build_time,local_production_efficiency=0.02,cotton=0.12,cotton,P12.1;P8.4;PER,contested,The family represents regional cotton-craft capacity and does not identify a named loom house workforce or export total.,Ancient cotton loom with white cotton bolls spindle woven cloth jars and shaded market stall
antq_reg_linen_weavery,Linen Weavery,A reusable flax spinning and weaving workshop for linen cloth in an antique urban market.,consumer_goods_category,burghers,guild_employment,guild_build_time,local_production_efficiency=0.02,fiber_crops=0.12,fiber_crops,P12.1;P12.3,contested,The family is a regional textile-market proxy and does not identify a named weaving household or a measured output.,Ancient linen loom with flax stalks pale linen cloth spindle baskets and tiled courtyard
antq_reg_alum_dyehouse,Alum Dyehouse,A reusable mordant and dye preparation workshop linking alum supply to antique textile finishing.,basic_industry_category,burghers,guild_employment,guild_build_time,local_production_efficiency=0.02,alum=0.03;lumber=0.10,alum;lumber,CAM-MELOS-ALUM;UNESCO-TYRE;P12.1,contested,This is a restrained regional dye-production proxy rather than a claim for a certain alum mine or murex workshop at a seed.,Ancient alum dyehouse with stone dye vats hanging colored cloth mineral sacks wood fuel and open racks
antq_reg_joinery,Joinery,A reusable woodworking and furnishing shop producing fitted furniture for an antique urban market.,consumer_goods_category,burghers,guild_employment,guild_build_time,local_merchant_capacity=0.01,lumber=0.16;dyes=0.04;tools=0.04,lumber;dyes;tools,P12.1;P12.3,contested,The family represents ordinary antique carpentry and furnishing rather than a named workshop commission or elite interior.,Ancient Roman joinery with workbench wooden chair chest plane chisels pegs and timber boards
antq_reg_bronze_foundry,Bronze Foundry,A reusable copper-and-tin foundry producing durable bronze tools fittings and vessels for an antique market.,basic_industry_category,burghers,guild_employment,guild_build_time,local_production_efficiency=0.02,copper=0.10;tin=0.02,copper;tin,P12.1,contested,The family uses the installed bronze-tools contract as a cautious craft proxy and does not claim a named mint foundry or coin issue.,Ancient bronze foundry with glowing crucibles copper ingots tin bars molds bronze vessels and workers
antq_reg_ivory_carver,Ivory Carver,A reusable carving shop for ivory adornment small luxury objects and ritual furnishings in an antique exchange hub.,consumer_goods_category,burghers,guild_employment,guild_build_time,local_merchant_power=0.01,ivory=0.03,ivory,P12.1;PER,contested,The family records a broad ivory-working craft context and does not locate a named carver or assert a particular ivory shipment.,Ancient ivory carving workshop with tusks carved plaques figurines chisels dust and a seated artisan
antq_reg_leatherworks,Leatherworks,A reusable tanning and leatherworking yard supplying hides straps footwear and other ordinary antique goods.,basic_industry_category,burghers,guild_employment,guild_build_time,local_production_efficiency=0.02,livestock=0.14;sand=0.06;tar=0.02;tools=0.03,livestock;sand;tar;tools,P12.1;P12.3,contested,The family is a general antique tanning proxy rather than a named tannery or a quantified military supply contract.,Ancient leather tannery with hide racks round tanning vats stretched skins baskets and workman
antq_reg_amphora_depot,Amphora Depot,A reusable packing and storage yard for ceramic transport containers in a Mediterranean or connected antique market.,trade_category,burghers,trade_employment,market_build_time,local_merchant_capacity=0.015,pottery=0.14;lumber=0.05;tools=0.03,pottery;lumber;tools,MET-ROMAN-TRADE,contested,The family represents container handling and storage only; it does not make a cargo claim or identify a harbor warehouse.,Ancient amphora packing depot with stacked transport jars wooden shelves rope baskets and tiled storehouse
antq_reg_grain_mill,Grain Mill,A reusable hand-milling and flour-processing installation serving an antique urban market.,basic_industry_category,burghers,guild_employment,guild_build_time,local_monthly_food_modifier=0.01,wheat=0.14;tools=0.03,wheat;tools,P12.1;P12.3,contested,A generic city-and-hinterland grain-processing proxy, not an excavated mill or quantified food supply.
antq_reg_ropewalk,Ropewalk,"A reusable cordage workshop for rope, rigging, nets, and ordinary transport needs.",basic_industry_category,burghers,guild_employment,guild_build_time,local_production_efficiency=0.02,fiber_crops=0.14;lumber=0.04;tools=0.03,fiber_crops;lumber;tools,P12.1;MET-ROMAN-TRADE,contested,A broad antique cordage craft proxy, not a named shipyard or cargo claim.
antq_reg_brickworks,Brickworks,A reusable clay-brick firing yard supplying ordinary antique urban construction.,basic_industry_category,burghers,guild_employment,guild_build_time,local_production_efficiency=0.02,clay=0.16;lumber=0.08;tools=0.03,clay;lumber;tools,P12.1,contested,A city-and-hinterland construction-material proxy, not a named kiln or monument programme.
antq_reg_lampworks,Lamp Workshop,A reusable workshop for ordinary clay lamps and domestic light fittings.,consumer_goods_category,burghers,guild_employment,guild_build_time,local_merchant_capacity=0.01,clay=0.10;olives=0.04;lumber=0.03,clay;olives;lumber,P12.1;P12.3,contested,A broad antique lamp-craft proxy, not an identified maker stamp or household census.
antq_reg_tile_yard,Tile Yard,A reusable roof-tile firing and storage yard for antique urban repairs and construction.,basic_industry_category,burghers,guild_employment,guild_build_time,local_production_efficiency=0.02,clay=0.15;lumber=0.08;tools=0.03,clay;lumber;tools,P12.1,contested,A generic construction-supply proxy, not a recovered tile factory or city plan.
antq_reg_papyrus_workshop,Papyrus Workshop,A reusable sheet-making and writing-material workshop for Nile-connected antique markets.,consumer_goods_category,clergy,religious_building_employment,guild_build_time,local_clergy_max_literacy=0.01,paper=0.12;dyes=0.03;lumber=0.03,paper;dyes;lumber,P12.1;P12.3,contested,A writing-material market proxy, not a named Nile workshop or document archive.
antq_reg_incense_workshop,Incense Workshop,A reusable resin sorting and incense-preparation workshop serving ritual and urban demand.,consumer_goods_category,burghers,guild_employment,guild_build_time,local_merchant_power=0.01,incense=0.10;lumber=0.03;tools=0.02,incense;lumber;tools,P12.1;P12.3,contested,A generic incense-preparation proxy, not a named temple supplier or caravan route.
antq_reg_basketry,Basketry,"A reusable weaving workshop for baskets, crates, and light transport containers.",consumer_goods_category,burghers,guild_employment,guild_build_time,local_merchant_capacity=0.01,lumber=0.10;fiber_crops=0.08;tools=0.02,lumber;fiber_crops;tools,P12.1;P12.3,contested,A broad everyday-container craft proxy, not a named household workshop.
antq_reg_linen_bleachery,Linen Bleachery,A reusable washing and bleaching yard for linen cloth in an antique market.,consumer_goods_category,burghers,guild_employment,guild_build_time,local_production_efficiency=0.02,fiber_crops=0.12;cloth=0.06;tools=0.02,fiber_crops;cloth;tools,P12.1;P12.3,contested,A general cloth-finishing proxy, not an excavated laundry or measured output.
antq_reg_copper_smithy,Copper Smithy,"A reusable copperworking shop for tools, fittings, and household implements.",basic_industry_category,burghers,guild_employment,guild_build_time,local_production_efficiency=0.02,copper=0.12;tin=0.02;tools=0.03,copper;tin;tools,P12.1,contested,A general copperworking proxy, not a named mine
antq_reg_spice_grinder,Spice Grinder,A reusable mortar-and-pestle workshop for culinary and aromatic urban goods.,consumer_goods_category,burghers,guild_employment,guild_build_time,local_merchant_power=0.01,incense=0.06;dyes=0.04;tools=0.02,incense;dyes;tools,P12.1;MET-ROMAN-TRADE,contested,A broad aromatic-goods preparation proxy, not a claimed imported spice cargo or merchant.
antq_reg_reed_boatyard,Reed Boat Yard,A reusable reed-craft and light river-boat repair yard for waterways and local exchange.,naval_category,soldiers,dock_employment,medium_port_building_time,local_sailors=0.005;local_repair_speed=0.005,fiber_crops=0.14;lumber=0.04;tar=0.03;tools=0.03,fiber_crops;lumber;tar;tools,P12.1;P12.3,contested,A bounded riverine craft proxy, not a naval fleet or precise harbor reconstruction.
antq_reg_oil_bottler,Oil Bottling Workshop,A reusable filling and sealing workshop for olive oil amphorae in an antique market.,trade_category,burghers,trade_employment,market_build_time,local_merchant_capacity=0.01,olives=0.10;pottery=0.08;lumber=0.03,olives;pottery;lumber,P12.1;MET-ROMAN-TRADE,contested,A regional packing proxy rather than a named oil estate or cargo manifest.,Roman oil bottling workshop with amphorae press and seals
antq_reg_garum_workshop,Garum Workshop,A reusable fish-sauce fermentation workshop serving a coastal antique market.,consumer_goods_category,burghers,guild_employment,guild_build_time,local_merchant_power=0.01,fish=0.14;salt=0.08;pottery=0.05,fish;salt;pottery,P12.1;MET-ROMAN-TRADE,contested,A regional food-processing proxy rather than a named salting factory or trade volume.,Roman garum workshop with vats fish baskets and amphorae
antq_reg_lime_kiln,Lime Kiln,A reusable lime-burning kiln for mortar and ordinary urban construction.,basic_industry_category,burghers,guild_employment,guild_build_time,local_production_efficiency=0.02,stone=0.14;lumber=0.08;tools=0.03,stone;lumber;tools,P12.1,contested,A regional construction-material proxy rather than a named kiln or building programme.,Roman lime kiln with quicklime baskets and stone blocks
antq_reg_marble_yard,Marble Yard,A reusable cutting and finishing yard for imported or local worked stone.,basic_industry_category,burghers,guild_employment,guild_build_time,local_production_efficiency=0.02,marble=0.10;stone=0.08;tools=0.04,marble;stone;tools,P12.1,contested,A regional stoneworking proxy rather than a quarry claim or monument reconstruction.,Roman marble yard with blocks chisels and carved slabs
antq_reg_wool_carder,Wool Carding Shed,A reusable wool sorting and carding shed for urban textile production.,consumer_goods_category,burghers,guild_employment,guild_build_time,local_production_efficiency=0.02,wool=0.12;tools=0.03,wool;tools,P12.1;P12.3,contested,A regional textile-preparation proxy rather than a named workshop or workforce claim.,Roman wool carding shed with fleeces combs and baskets
antq_reg_mordant_dyehouse,Mordant Dyehouse,A reusable textile mordant and finishing workshop for antique markets.,consumer_goods_category,burghers,guild_employment,guild_build_time,local_production_efficiency=0.02,alum=0.04;dyes=0.06;lumber=0.04,alum;dyes;lumber,P12.1;P12.3,contested,A regional finishing proxy rather than a named dyer or specific imported pigment claim.,Roman mordant dyehouse with cloth vats and mineral jars
antq_reg_scale_armoury,Scale Armoury,A reusable workshop for metal scale armour and ordinary protective fittings.,weapons_industry_category,burghers,guild_employment,guild_build_time,local_production_efficiency=0.02,copper=0.08;iron=0.10;tools=0.04,copper;iron;tools,P12.1,contested,A regional equipment proxy rather than an imperial arsenal or troop establishment claim.,Roman scale armour workshop with bronze scales forge and fittings
antq_reg_wheelwright,Wheelwright,A reusable cart and wagon wheel workshop supporting overland exchange.,basic_industry_category,burghers,guild_employment,guild_build_time,local_production_efficiency=0.02,lumber=0.14;iron=0.04;tools=0.04,lumber;iron;tools,P12.1;P12.3,contested,A regional transport-craft proxy rather than a named vehicle depot or road claim.,Roman wheelwright with cart wheels timber and tools
antq_reg_granary,Granary,A reusable raised grain-storage building serving an antique urban market.,trade_category,burghers,trade_employment,market_build_time,local_monthly_food_modifier=0.01,wheat=0.16;lumber=0.05, wheat;lumber,P12.1;P12.3,contested,A regional storage proxy rather than a state annona account or measured reserve.,Roman raised granary with sacks bins and ladders
antq_reg_beadworks,Glass Bead Workshop,A reusable small-furnace workshop for glass beads and ornaments.,consumer_goods_category,burghers,guild_employment,guild_build_time,local_merchant_power=0.01,glass=0.10;dyes=0.04;tools=0.03,glass;dyes;tools,P12.1;P12.3,contested,A regional ornament craft proxy rather than a named jeweller or cargo claim.,Roman glass bead workshop with furnace colored beads and jars
antq_reg_loomweight_weavery,Loom-weight Weavery,A reusable upright-loom workshop for ordinary woven cloth.,consumer_goods_category,burghers,guild_employment,guild_build_time,local_production_efficiency=0.02,fiber_crops=0.12;clay=0.03;tools=0.03,fiber_crops;clay;tools,P12.1;P12.3,contested,A regional textile proxy rather than an excavated loomhouse or workforce claim.,Roman upright loom workshop with weights thread and dyed cloth
antq_reg_bargeyard,River Barge Yard,A reusable repair yard for small river craft and local waterborne exchange.,naval_category,soldiers,dock_employment,medium_port_building_time,local_sailors=0.005;local_repair_speed=0.005,lumber=0.14;tar=0.04;fiber_crops=0.05;tools=0.03,lumber;tar;fiber_crops;tools,P12.1;MET-ROMAN-TRADE,contested,A regional river-craft proxy rather than a fleet roster or harbor reconstruction.,Roman river barge repair yard with timber craft and slipway
antq_reg_saddlery,Saddlery,A reusable leatherworking shop for harnesses straps and riding or transport fittings in an antique market.,consumer_goods_category,burghers,guild_employment,guild_build_time,local_merchant_capacity=0.01,leather=0.12;tools=0.03;goods_gold=0.01,leather;tools;goods_gold,P12.1;P12.3,contested,A broad antique saddlery proxy rather than a named military contract or mounted-unit claim.,Ancient leather saddlery with stitched harness saddle tree straps buckles and awls
antq_reg_parchmentery,Parchment Workshop,A reusable skin-preparation and writing-material workshop for antique learned and administrative exchange.,consumer_goods_category,clergy,religious_building_employment,guild_build_time,local_clergy_max_literacy=0.01,leather=0.08;dyes=0.03;tools=0.02,leather;dyes;tools,P12.1;P12.3,contested,A generic writing-material proxy rather than a named archive library or manuscript corpus.,Ancient parchment workshop with stretched skins scraping frame reed pens and rolled sheets
antq_reg_mosaic_workshop,Mosaic Workshop,A reusable tessera-cutting and mosaic-setting workshop for antique domestic civic and cult decoration.,consumer_goods_category,burghers,guild_employment,guild_build_time,local_cultural_tradition=0.01,stone=0.08;marble=0.05;glass=0.04;tools=0.03,stone;marble;glass;tools,P12.1;P12.3,contested,A broad decorative-craft proxy rather than a named pavement patron building or iconographic programme.,Ancient mosaic workshop with colored stone tesserae mosaic panel and small chisels
antq_reg_stuccoworks,Stucco Yard,A reusable plaster and wall-finish yard supplying ordinary antique repair and decoration.,basic_industry_category,burghers,guild_employment,guild_build_time,local_production_efficiency=0.02,stone=0.10;clay=0.08;lumber=0.04;tools=0.03,stone;clay;lumber;tools,P12.1,contested,A generic plaster-and-finish proxy rather than a named house facade or monument restoration.,Ancient stucco yard with lime plaster tubs trowels painted wall fragment and stone floor
antq_reg_lead_foundry,Lead Foundry,A reusable small foundry for lead fittings weights and ordinary antique metalwork.,basic_industry_category,burghers,guild_employment,guild_build_time,local_production_efficiency=0.02,lead=0.12;coal=0.05;tools=0.03,lead;coal;tools,P12.1,contested,A general leadworking proxy rather than a named mine plumbing system or coin issue.,Ancient lead foundry with dull lead ingots small crucible moulds and stone hearth
antq_reg_lapidary,Lapidary,A reusable cutting polishing and setting workshop for gemstones and small luxury ornaments.,consumer_goods_category,burghers,guild_employment,guild_build_time,local_merchant_power=0.01,gems=0.06;goods_gold=0.03;tools=0.03,gems;goods_gold;tools,P12.1;MET-ROMAN-TRADE,contested,A broad lapidary craft proxy rather than a named gem mine merchant or elite commission.,Ancient lapidary with gemstones polishing wheel tiny gold setting and hand tools
antq_reg_perfumery,Perfumery,A reusable blending and bottling workshop for resins oils and fragrant urban goods.,consumer_goods_category,burghers,guild_employment,guild_build_time,local_merchant_power=0.01,incense=0.08;olives=0.05;pottery=0.04,incense;olives;pottery,P12.1;MET-ROMAN-TRADE,contested,A broad fragrant-goods proxy rather than a named temple supplier or imported cargo manifest.,Ancient perfumery with resin jars alabaster flasks balance scales and small bottles
antq_reg_wax_workshop,Wax Workshop,A reusable workshop for beeswax preparations wick strands and domestic light fittings.,consumer_goods_category,burghers,guild_employment,guild_build_time,local_merchant_capacity=0.01,beeswax=0.10;pottery=0.05;fiber_crops=0.03,beeswax;pottery;fiber_crops,P12.1;P12.3,contested,A general wax-and-lighting craft proxy rather than a named household supplier or religious inventory.,Ancient wax workshop with beeswax cakes wick strands clay lamps and stone bench
antq_reg_sailmaker,Sailmaker,A reusable cutting and sewing workshop for linen sailcloth rigging and waterborne exchange.,consumer_goods_category,burghers,guild_employment,guild_build_time,local_merchant_capacity=0.01,fiber_crops=0.10;cloth=0.08;tools=0.03,fiber_crops;cloth;tools,P12.1;MET-ROMAN-TRADE,contested,A broad sailmaking proxy rather than a named vessel fleet or maritime cargo contract.,Ancient sailmaker with folded linen sailcloth needles rope mast spar and wooden bench
antq_reg_brewhouse,Brewhouse,A reusable grain-mashing and fermented-drink workshop for regional antique consumption.,consumer_goods_category,burghers,guild_employment,guild_build_time,local_monthly_food_modifier=0.005,wheat=0.12;fruit=0.04;pottery=0.04,wheat;fruit;pottery,P12.1;P12.3,contested,A broad fermented-drink proxy rather than a named tavern recipe brewery owner or consumption total.,Ancient brewhouse with grain mash vat amphorae wooden paddle and barley basket
antq_reg_quernworks,Quernworks,A reusable workshop for cutting and dressing millstones and hand-grinding equipment.,basic_industry_category,burghers,guild_employment,guild_build_time,local_production_efficiency=0.02,stone=0.14;iron=0.04;tools=0.03,stone;iron;tools,P12.1;P12.3,contested,A general grinding-equipment proxy rather than an excavated mill quarry concession or food-account claim.,Ancient quernworks with dressed millstones stone chisel iron pick and stacked blocks
antq_reg_textile_dye_finisher,Textile Dye Finisher,A reusable final-finishing workshop for dyed cloth mordants and urban textile presentation.,consumer_goods_category,burghers,guild_employment,guild_build_time,local_production_efficiency=0.02,cloth=0.10;dyes=0.06;alum=0.03;tools=0.02,cloth;dyes;alum;tools,P12.1;P12.3,contested,A broad finishing proxy rather than a named dyer measured output or specific imported pigment claim.,Ancient textile dye finishing yard with cloth rack dye vat alum mineral sacks and drying fabric
antq_reg_monetal_workshop,Monetal Workshop,"A reusable striking and assay workshop for civic and market coinage, weights, and small metal exchange.",consumer_goods_category,burghers,guild_employment,guild_build_time,local_merchant_power=0.01,goods_gold=0.03;silver=0.06;copper=0.03;tools=0.03,goods_gold;silver;copper;tools,P12.1;P12.3,contested,A general monetary-craft proxy rather than a named mint authority coin series or issue volume.,Ancient Roman mint with coin dies balance scales silver blanks and stone worktable
antq_reg_hide_curing_yard,Hide Curing Yard,"A reusable curing yard for raw hides before cutting, stitching, and leather finishing.",basic_industry_category,burghers,guild_employment,guild_build_time,local_production_efficiency=0.02,livestock=0.14;sand=0.05;tar=0.02;tools=0.03,livestock;sand;tar;tools,P12.1;P12.3,contested,A raw-hide processing proxy rather than a named tannery workforce or military-supply contract.,Ancient hide curing yard with stretched hides round vats bark bundles and tiled shed
antq_reg_apothecary,Apothecary,A reusable materia-medica shop for herbs resins powders and ceramic medicinal containers.,consumer_goods_category,burghers,guild_employment,guild_build_time,local_merchant_power=0.01,incense=0.06;dyes=0.03;pottery=0.04;tools=0.02,incense;dyes;pottery;tools,P12.1;P12.3,contested,A broad healing-material market proxy rather than a named physician pharmacy or therapeutic claim.,Ancient apothecary with herb jars mortar and pestle shelves and ceramic vessels
antq_reg_bread_oven,Bread Oven,A reusable urban baking oven and flour-preparation yard for ordinary staple consumption.,basic_industry_category,burghers,guild_employment,guild_build_time,local_monthly_food_modifier=0.01,wheat=0.16;stone=0.04;pottery=0.03;tools=0.02,wheat;stone;pottery;tools,P12.1;P12.3,contested,A generic urban-baking proxy rather than a named bakery owner recipe or grain ration.,Ancient domed bread oven with loaves flour sacks stone mill and wooden peel
antq_reg_amphora_warehouse,Amphora Warehouse,A reusable covered storage yard for transport amphorae and market accounting before local distribution.,trade_category,burghers,trade_employment,market_build_time,local_merchant_capacity=0.015,pottery=0.14;lumber=0.06;tools=0.03,pottery;lumber;tools,MET-ROMAN-TRADE;P12.1,contested,A regional storage and handling proxy rather than a cargo manifest harbor plan or merchant household.,Ancient amphora warehouse with stacked jars wooden shelves seal tablet and tiled storehouse
antq_reg_tegula_kiln,Tegula Kiln,A reusable specialized kiln for flat and curved roof tiles used in antique urban maintenance.,basic_industry_category,burghers,guild_employment,guild_build_time,local_production_efficiency=0.02,clay=0.16;lumber=0.08;tools=0.03,clay;lumber;tools,P12.1;P12.3,contested,A tile-production class rather than a named figlina stamp building programme or property owner.,Ancient Roman tegula kiln with fired roof tiles tile stacks and brick firing chamber
antq_reg_hypocaust_yard,Hypocaust Furnace Yard,A reusable furnace and pilae-making yard supplying bath and heated-building maintenance.,basic_industry_category,burghers,guild_employment,guild_build_time,local_monthly_food_modifier=0.005,coal=0.08;lumber=0.08;clay=0.06;stone=0.06;tools=0.03,coal;lumber;clay;stone;tools,P12.1;P12.3,contested,A heating-infrastructure proxy rather than a named bath complex fuel account or municipal service record.,Ancient hypocaust furnace yard with bronze boiler wood fuel brick pilae and firing chamber
antq_reg_stationer,Writing Supplies Stationer,A reusable workshop for papyrus sheets ink reeds wax tablets and routine administrative supplies.,consumer_goods_category,clergy,religious_building_employment,guild_build_time,local_clergy_max_literacy=0.01,paper=0.12;dyes=0.04;lumber=0.03;tools=0.02,paper;dyes;lumber;tools,P12.1;P12.3,contested,A writing-supply proxy rather than a named archive school or documentary corpus.,Ancient writing stationer with reed bundles ink jars papyrus sheets wax tablets and scrolls
antq_reg_weightmaker,Weightmaker,"A reusable casting and calibration workshop for bronze and lead weights, balances, and market measures.",basic_industry_category,burghers,guild_employment,guild_build_time,local_merchant_power=0.01,copper=0.08;lead=0.06;tools=0.03,copper;lead;tools,P12.1;P12.3,contested,A market-measurement proxy rather than a named civic standard or regulatory jurisdiction.,Ancient weightmaker with bronze balance lead weights small furnace and stone bench
antq_reg_chariotwright,Chariotwright,"A reusable wheel and bodywork shop for carts, chariots, and animal-drawn transport fittings.",consumer_goods_category,burghers,guild_employment,guild_build_time,local_merchant_capacity=0.01,lumber=0.16;iron=0.05;leather=0.04;tools=0.04,lumber;iron;leather;tools,P12.1;P12.3,contested,A broad wheeled-transport craft proxy rather than a named vehicle corps racing team or military allocation.,Ancient chariotwright with wooden wheel spokes iron rim axle and workbench
antq_reg_ferry_quay,River Ferry Quay,"A reusable landing and repair point for short river crossings, ropes, cargo baskets, and local exchange.",trade_category,burghers,trade_employment,market_build_time,local_merchant_capacity=0.01,lumber=0.12;fiber_crops=0.06;tar=0.04;tools=0.03,lumber;fiber_crops;tar;tools,P12.1;MET-ROMAN-TRADE,contested,A local river-crossing and handling proxy rather than a route schedule toll record or named vessel.,Ancient river ferry quay with small wooden ferry gangplank rope bollard and cargo baskets
antq_reg_raised_granary,Raised Grain Store,A reusable raised timber granary and threshing yard protecting cereal stores for an antique market.,basic_industry_category,burghers,guild_employment,guild_build_time,local_monthly_food_modifier=0.01,wheat=0.16;lumber=0.08;tools=0.02,wheat;lumber;tools,P12.1;P12.3,contested,A storage and processing proxy rather than a named state annona depot census or ration schedule.,Ancient raised granary with timber grain bins wheat sheaves winnowing baskets and stone yard
antq_reg_saltworks,Saltworks,A reusable evaporation-pan and salt-cake yard supplying preservation and ordinary market use.,basic_industry_category,burghers,guild_employment,guild_build_time,local_production_efficiency=0.01,salt=0.16;stone=0.05;lumber=0.04;tools=0.02,salt;stone;lumber;tools,P12.1;P12.3,contested,A broad salt-processing proxy rather than a named salina concession production total or transport record.,Ancient saltworks with shallow evaporation pans salt cakes wooden rake and storage baskets
antq_reg_purple_dyehouse,Purple Dyehouse,A reusable shell-dye vat and cloth-finishing workshop for high-value eastern Mediterranean color craft.,consumer_goods_category,burghers,guild_employment,guild_build_time,local_merchant_power=0.01,dyes=0.10;cloth=0.08;fish=0.05;tools=0.03,dyes;cloth;fish;tools,UNESCO-TYRE;P12.1,contested,A regional purple-dye craft proxy rather than a named Tyrian workshop shellfish catch or luxury output claim.,Ancient Tyrian purple dyehouse with murex shells bronze dye vat purple cloth and amphorae
antq_reg_iron_bloomery,Iron Bloomery,A reusable bloomery and forge yard for charcoal-fired iron blooms and ordinary tool production.,basic_industry_category,burghers,guild_employment,guild_build_time,local_production_efficiency=0.02,iron=0.14;coal=0.08;tools=0.04,iron;coal;tools,P12.1;P12.3,contested,A broad iron-smelting craft proxy rather than a named mine furnace campaign or measured output.,Ancient iron bloomery with clay furnace glowing iron bloom bellows and tongs
antq_reg_tin_smelter,Tin Smelter,A reusable small furnace for tin ingots and bronze-alloy fittings in an antique market.,basic_industry_category,burghers,guild_employment,guild_build_time,local_production_efficiency=0.02,tin=0.10;copper=0.06;coal=0.05;tools=0.03,tin;copper;coal;tools,P12.1;P12.3,contested,A generic alloying proxy rather than a named cassiterite mine smelter ownership record or alloy volume.,Ancient tin smelter with stone furnace grey tin ingots crucible and wooden bellows
antq_reg_charcoal_hearth,Charcoal Hearth,A reusable wood-charcoal clamp kiln supplying fuel to regional antique craft and household demand.,basic_industry_category,laborers,generic_peasant_building_employment,guild_build_time,local_production_efficiency=0.01,lumber=0.18;tools=0.03,lumber;tools,P12.1;P12.3,contested,A general charcoal-making proxy rather than a managed woodland boundary kiln owner or fuel quota.,Ancient charcoal hearth with earth-covered clamp kiln wood billets charcoal basket and timber stack
antq_reg_glass_bead_furnace,Glass Bead Furnace,A reusable small furnace for colored glass beads and portable ornaments in antique exchange.,consumer_goods_category,burghers,guild_employment,guild_build_time,local_merchant_power=0.01,glass=0.08;dyes=0.04;sand=0.08;tools=0.03,glass;dyes;sand;tools,P12.1;MET-ROMAN-TRADE,contested,A broad ornament-glass proxy rather than a named furnace assemblage trade route or workshop output.,Ancient glass bead furnace with cobalt and green beads blowpipe crucible and stone hearth
antq_reg_cordwainer,Cordwainer,A reusable sandal and shoe workshop for cut leather stitching and ordinary urban footwear.,consumer_goods_category,burghers,guild_employment,guild_build_time,local_merchant_capacity=0.01,leather=0.12;tools=0.04;dyes=0.02,leather;tools;dyes,P12.1;P12.3,contested,A generic footwear craft proxy rather than a named artisan workshop military contract or household inventory.,Ancient cordwainer with stitched leather sandals awl hide rolls and wooden bench
antq_reg_netmaker,Netmaker,A reusable rope-and-net workshop for fishing gear river crossings and coastal exchange.,consumer_goods_category,burghers,guild_employment,guild_build_time,local_merchant_capacity=0.01,fiber_crops=0.12;tar=0.04;lead=0.03;tools=0.02,fiber_crops;tar;lead;tools,P12.1;MET-ROMAN-TRADE,contested,A broad netting craft proxy rather than a named fishing fleet catch quota or harbor plan.,Ancient netmaker with linen net frame netting needle lead sinkers and rope coil
antq_reg_packsaddle_workshop,Pack-Saddle Workshop,A reusable shop for padded pack saddles straps and animal-borne transport fittings.,consumer_goods_category,burghers,guild_employment,guild_build_time,local_merchant_capacity=0.01,leather=0.12;wool=0.06;lumber=0.04;tools=0.03,leather;wool;lumber;tools,P12.1;P12.3,contested,A broad transport-fitting proxy rather than a named caravan route stable military allocation or animal count.,Ancient pack-saddle workshop with wooden saddle wool padding leather straps and brass buckles
antq_reg_stone_carver,Stone Carver,A reusable relief-cutting and finishing bench for small architectural and civic stonework.,basic_industry_category,burghers,guild_employment,guild_build_time,local_cultural_tradition=0.01,stone=0.12;marble=0.06;tools=0.04,stone;marble;tools,P12.1;P12.3,contested,A regional stone-finishing proxy rather than a named monument patron quarry concession or decorative programme.,Ancient stone carver with marble relief chisels mallet stone dust and workbench
antq_reg_cooperage,Cooperage,A reusable cask-making workshop for staves hoops and durable storage of regional liquids and dry goods.,consumer_goods_category,burghers,guild_employment,guild_build_time,local_merchant_capacity=0.01,lumber=0.14;iron=0.04;tools=0.04,lumber;iron;tools,P12.1;MET-ROMAN-TRADE,contested,A generic container-making proxy rather than a named wine shipment merchant household or barrel count.,Ancient cooperage with wooden cask curved staves iron hoops adze and workbench
antq_reg_spice_warehouse,Spice Warehouse,A reusable sealed-jar store for pepper aromatics balances and market distribution.,trade_category,burghers,trade_employment,market_build_time,local_merchant_capacity=0.015,pepper=0.08;incense=0.06;pottery=0.05;tools=0.02,pepper;incense;pottery;tools,P12.1;MET-ROMAN-TRADE,contested,A market-handling proxy rather than a cargo manifest price series merchant house or imported volume.,Ancient spice warehouse with sealed amphorae pepper bowls balance scale cedar shelves and jars
antq_reg_honey_house,Honey House,A reusable bee-product yard for honey wax combs and ceramic market storage in an antique city and hinterland.,consumer_goods_category,burghers,guild_employment,guild_build_time,local_merchant_capacity=0.01,beeswax=0.10;fruit=0.04;pottery=0.04;tools=0.02,beeswax;fruit;pottery;tools,P12.1;P12.3,contested,A broad bee-product market proxy rather than a named apiary harvest tenancy or household output.,Ancient honey and wax house with clay beehives honeycombs wax cakes amphorae and low tiled shed
antq_reg_soapworks,Olive Soapworks,A reusable oil-and-alkali boiling yard for household cleansing cakes and urban market exchange.,basic_industry_category,burghers,guild_employment,guild_build_time,local_production_efficiency=0.02,olives=0.10;lumber=0.08;pottery=0.04;tools=0.02,olives;lumber;pottery;tools,P12.1;P12.3,contested,A broad cleansing-material proxy rather than a named recipe workshop owner or soap trade volume.,Ancient olive soapworks with stone basin pale soap cakes oil jars ash basket and copper kettle
antq_reg_flax_retting_yard,Flax Retting Yard,A reusable soaking and drying yard preparing flax fiber for spinning and weaving in an antique market.,basic_industry_category,burghers,guild_employment,guild_build_time,local_production_efficiency=0.02,fiber_crops=0.14;lumber=0.04;tools=0.02,fiber_crops;lumber;tools,P12.1;P12.3,contested,A regional fiber-preparation proxy rather than a named field harvest water right or textile output.,Ancient flax retting yard with water trough bundled flax drying rails wooden rake and reed baskets
antq_reg_bone_carver,Bone Carver,A reusable small-object workshop for worked bone pins plaques and domestic fittings in an antique city.,consumer_goods_category,burghers,guild_employment,guild_build_time,local_merchant_power=0.01,livestock=0.08;tools=0.03;dyes=0.02,livestock;tools;dyes,P12.1;P12.3,contested,A broad worked-bone craft proxy rather than a named artisan deposit or workshop assemblage.,Ancient bone carver with pale bone plaques bow drill tiny chisels and a low wood bench
antq_reg_hornworker,Hornworker,A reusable workshop for horn cups combs fittings and other worked-horn goods in regional antique exchange.,consumer_goods_category,burghers,guild_employment,guild_build_time,local_merchant_power=0.01,livestock=0.08;tools=0.03;dyes=0.02,livestock;tools;dyes,P12.1;P12.3,contested,A broad hornworking proxy rather than a named livestock herd workshop or market inventory.,Ancient hornworker with curved cattle horns carved cups small saw shavings and stone bench
antq_reg_amber_carver,Amber Carver,A reusable ornament workshop for drilling polishing and mounting amber beads and pendants.,consumer_goods_category,burghers,guild_employment,guild_build_time,local_merchant_power=0.01,amber=0.06;goods_gold=0.02;tools=0.03,amber;goods_gold;tools,P12.1;MET-ROMAN-TRADE,contested,A long-distance ornament-market proxy rather than a named Baltic extraction site caravan or cargo.,Ancient amber carver with warm amber beads rough nodules hand drill tiny balance and wood worktable
antq_reg_coral_workshop,Coral Workshop,A reusable cutting and mounting workshop for red coral ornaments and small elite exchange goods.,consumer_goods_category,burghers,guild_employment,guild_build_time,local_merchant_power=0.01,goods_gold=0.04;tools=0.03;pottery=0.03,goods_gold;tools;pottery,P12.1;MET-ROMAN-TRADE,contested,A broad Mediterranean ornament proxy rather than a named reef harvest jeweler or elite inventory.,Ancient coral workshop with red coral branches polished beads bronze tools ceramic bowls and worktable
antq_reg_sponge_drying_yard,Sponge Drying Yard,A reusable drying and packing yard for marine sponges ropes and coastal household supply.,trade_category,burghers,trade_employment,market_build_time,local_merchant_capacity=0.01,fish=0.06;fiber_crops=0.06;lumber=0.04;tools=0.02,fish;fiber_crops;lumber;tools,P12.1;MET-ROMAN-TRADE,contested,A coastal-material proxy rather than a named diving ground fishery or transport manifest.,Ancient sponge drying yard with sea sponges on net racks amphorae rope coils and stone shed
antq_reg_reed_matmaker,Reed Matmaker,A reusable weaving shed for reed mats screens and light household fittings in riverine and urban markets.,consumer_goods_category,burghers,guild_employment,guild_build_time,local_merchant_capacity=0.01,fiber_crops=0.12;lumber=0.05;tools=0.02,fiber_crops;lumber;tools,P12.1;P12.3,contested,A broad reed-craft proxy rather than a named marsh right household producer or measured output.,Ancient reed matmaker with tall reed bundles woven floor mats wooden frame and riverine basket
antq_reg_lacquer_workshop,Lacquer Workshop,A reusable finishing workshop for lacquered wood vessels boxes and fittings in East Asian antique markets.,consumer_goods_category,burghers,guild_employment,guild_build_time,local_cultural_tradition=0.01,lumber=0.10;dyes=0.05;tools=0.02,lumber;dyes;tools,P12.1;BHR,contested,A bounded East Asian finishing proxy rather than a named imperial workshop material recipe or court inventory.,Han-era lacquer workshop with red and black vessel fine brush wooden bowl sap jars and low tiled shelter
antq_reg_instrument_maker,Instrument Maker,A reusable workshop for wooden stringed and wind instruments supporting antique civic ritual and performance.,consumer_goods_category,burghers,guild_employment,guild_build_time,local_cultural_tradition=0.01,lumber=0.10;leather=0.03;tools=0.03,lumber;leather;tools,P12.1;P12.3,contested,A broad musical-instrument craft proxy rather than a named performer guild ritual or court ensemble.,Ancient instrument maker with lyre reed pipes wood shavings hide glue pot and workbench
antq_reg_figurine_kiln,Figurine Kiln,A reusable small kiln for terracotta figurines molds and low-cost ritual or household ceramics.,consumer_goods_category,burghers,guild_employment,guild_build_time,local_merchant_capacity=0.01,clay=0.12;lumber=0.06;tools=0.03,clay;lumber;tools,P12.1;P12.3,contested,A broad terracotta-smallware proxy rather than a named sanctuary deposit figurine type or workshop owner.,Ancient terracotta figurine kiln with small dome kiln clay molds fired statuettes and stacked ceramic figures
antq_reg_public_cistern,Public Cistern,A reusable vaulted cistern and water-drawing point supporting resilient urban and roadside supply.,infrastructure_category,laborers,generic_peasant_building_employment,infrastructure_build_time,local_life_expectancy=0.01,stone=0.12;lumber=0.04;tools=0.03,stone;lumber;tools,P12.1;P12.3,contested,A civic-water service proxy rather than a named aqueduct basin capacity survey or municipal water law.,Ancient public cistern with vaulted stone mouth pulley bucket water jars and dressed masonry
antq_reg_fountain_house,Fountain House,A reusable public fountain basin and distribution point for urban water access and maintenance.,infrastructure_category,laborers,generic_peasant_building_employment,infrastructure_build_time,local_life_expectancy=0.01,stone=0.10;clay=0.04;tools=0.03,stone;clay;tools,P12.1;P12.3,contested,A civic-water access proxy rather than a named nymphaeum aqueduct branch or urban volume claim.,Ancient Roman fountain house with marble spout stone basin water channel and amphorae
antq_reg_macellum_stalls,Macellum Stalls,A reusable covered food-market stall cluster for weighing and retail exchange in an antique city.,trade_category,burghers,trade_employment,market_build_time,local_merchant_capacity=0.015,fish=0.06;fruit=0.06;pottery=0.03;tools=0.02,fish;fruit;pottery;tools,P12.1;P12.3,contested,A market-service proxy rather than a named macellum plan vendor list or price schedule.,Ancient macellum market stalls with round tiled canopy scales baskets fish vegetables and amphorae
antq_reg_mensores_office,Mensores Office,A reusable public weighing and measure office supporting standardized market exchange.,government_category,burghers,generic_burgher_employment,government_build_time,local_merchant_power=0.01,copper=0.04;lead=0.04;tools=0.03,copper;lead;tools,P12.1;P12.3,contested,A civic-measures proxy rather than a named magistrate jurisdiction standard or legal code.,Ancient mensores office with bronze balance lead weights wax tablet stone counter and seal
antq_reg_way_station,Way Station,A reusable roadside mutatio for relay animals carts water and routine overland travel.,infrastructure_category,laborers,generic_peasant_building_employment,infrastructure_build_time,local_max_control=0.01,lumber=0.10;livestock=0.06;fiber_crops=0.04;tools=0.03,lumber;livestock;fiber_crops;tools,P12.1;ORBIS,contested,A road-service proxy rather than a named cursus station itinerary or relay schedule.,Ancient Roman road way station with travel cart hitching post roofed shelter and unmarked milestones
antq_reg_caravanserai,Caravanserai,A reusable walled courtyard for pack traffic storage and lodging along connected antique exchange routes.,trade_category,burghers,trade_employment,market_build_time,local_merchant_capacity=0.015,lumber=0.08;fiber_crops=0.06;pottery=0.04;tools=0.03,lumber;fiber_crops;pottery;tools,P12.1;MET-ROMAN-TRADE,contested,A caravan-support proxy rather than a named route inn merchant household or cargo volume.,Ancient caravanserai with walled stone courtyard pack animals rolled textiles amphorae and broad gate
antq_reg_wharf_crane,Wharf Crane,A reusable harbor lifting and cargo-handling point for jars bales ropes and short-haul exchange.,trade_category,burghers,trade_employment,market_build_time,local_merchant_capacity=0.015,lumber=0.12;naval_supplies=0.06;fiber_crops=0.04;tools=0.04,lumber;naval_supplies;fiber_crops;tools,DAR-NAVALIA;MET-ROMAN-TRADE,contested,A port-handling proxy rather than a named quay crane cargo manifest or harbor reconstruction.,Ancient wharf crane with timber treadwheel cargo net amphorae low quay and coiled rope
antq_reg_lamp_oil_depot,Lamp Oil Depot,A reusable storage and distribution shed for oil jars clay lamps and household lighting supplies.,trade_category,burghers,trade_employment,market_build_time,local_merchant_capacity=0.01,olives=0.08;pottery=0.08;lumber=0.04;tools=0.02,olives;pottery;lumber;tools,P12.1;P12.3,contested,A lighting-supply proxy rather than a named lamp merchant household or fuel accounting record.,Ancient lamp oil depot with stacked oil amphorae clay lamps sealed jars and tiled storehouse
antq_reg_bath_fuel_depot,Bath Fuel Depot,A reusable fuel and boiler-material yard supporting bath and heated-building maintenance.,basic_industry_category,laborers,generic_peasant_building_employment,guild_build_time,local_life_expectancy=0.005,coal=0.08;lumber=0.10;clay=0.05;tools=0.03,coal;lumber;clay;tools,P12.1;P12.3,contested,A heated-infrastructure service proxy rather than a named bath complex fuel account or bathing census.,Ancient bath fuel depot with firewood charcoal baskets bronze boiler and brick hypocaust pilae
antq_reg_pack_animal_yard,Pack-Animal Yard,A reusable tack and fodder yard for donkeys mules and local overland market movement.,trade_category,burghers,trade_employment,market_build_time,local_merchant_capacity=0.01,livestock=0.10;leather=0.04;wool=0.03;lumber=0.04,livestock;leather;wool;lumber,P12.1;P12.3,contested,A transport-support proxy rather than a named caravan herd stable military allocation or animal total.,Ancient pack animal yard with donkey mule tack pack saddles fodder baskets wooden rails and tiled shed
antq_reg_grain_weighhouse,Grain Weighhouse,A reusable measure and receipt point for grain sacks market distribution and public storage handling.,trade_category,burghers,trade_employment,market_build_time,local_merchant_capacity=0.01,wheat=0.12;pottery=0.04;lumber=0.04;tools=0.03,wheat;pottery;lumber;tools,P12.1;P12.3,contested,A grain-handling proxy rather than a named annona office ration schedule or cereal total.,Ancient grain weighhouse with grain sacks modius measures balance beam seal tablet and timber canopy
antq_reg_customs_gate,Customs Gate,A reusable customs and tally point for goods entering an antique market or urban gateway.,government_category,burghers,generic_burgher_employment,government_build_time,local_merchant_power=0.01,lumber=0.06;pottery=0.04;copper=0.03;tools=0.03,lumber;pottery;copper;tools,P12.1;MET-ROMAN-TRADE,contested,A commercial-regulation proxy rather than a named tax jurisdiction tariff schedule or customs office.,Ancient customs gate with stone arch cargo bundles merchant scale unmarked tally board and woven crates
antq_reg_ironmongery,Ironmongery,A reusable forge and fitting shop for ordinary iron hand tools hinges and domestic hardware.,basic_industry_category,burghers,guild_employment,guild_build_time,local_production_efficiency=0.02,iron=0.14;coal=0.06;tools=0.03,iron;coal;tools,P12.1;P12.3,contested,A broad antique toolmaking proxy rather than a named smith or military contract.,Ancient ironmonger forge with finished iron hand tools tongs anvil and charcoal hearth
antq_reg_bronze_vessel_shop,Bronze Vessel Shop,A reusable hammering and finishing shop for bronze bowls cauldrons and household vessels.,basic_industry_category,burghers,guild_employment,guild_build_time,local_production_efficiency=0.02,copper=0.12;tin=0.03;coal=0.04;tools=0.03,copper;tin;coal;tools,P12.1;P12.3,contested,A broad bronze-vessel craft proxy rather than a named workshop alloy recipe or elite inventory.,Ancient bronze vessel workshop with hammered cauldrons bowls anvils and small charcoal forge
antq_reg_oil_lamp_kiln,Oil-Lamp Kiln,A reusable ceramic kiln for clay lamps and household lighting fittings.,basic_industry_category,burghers,guild_employment,guild_build_time,local_production_efficiency=0.02,clay=0.14;olives=0.05;lumber=0.06;tools=0.03,clay;olives;lumber;tools,P12.1;P12.3,contested,A broad lamp-making proxy rather than a named mold workshop fuel account or market inventory.,Ancient oil-lamp kiln with rows of clay lamps glowing firing chamber and ceramic shelves
antq_reg_fineware_kiln,Fineware Kiln,A reusable firing workshop for fine table ceramics amphorae and durable market containers.,basic_industry_category,burghers,guild_employment,guild_build_time,local_production_efficiency=0.02,clay=0.16;lumber=0.07;tools=0.03,clay;lumber;tools,BM-ARRETINE;BM-MEMPHIS,contested,A broad fine-ceramic proxy rather than a named potter stamp kiln owner or distribution total.,Ancient fineware pottery kiln with red slipped cups amphorae decorated bowls and a domed furnace
antq_reg_scroll_workshop,Scroll Workshop,A reusable cutting rolling and storage workshop for scroll materials correspondence and book trade.,basic_industry_category,burghers,guild_employment,guild_build_time,local_production_efficiency=0.015,paper=0.12;dyes=0.03;lumber=0.04;tools=0.02,paper;dyes;lumber;tools,P12.1;P12.3,contested,A broad writing-material proxy rather than a named archive library scriptorium or text corpus.,Ancient scroll workshop with papyrus sheets reed pens rolled scrolls and wooden storage rack
antq_reg_silverworkshop,Silverwork Shop,A reusable bench for small silver and gold ornaments vessels and exchange goods.,consumer_goods_category,burghers,guild_employment,guild_build_time,local_production_efficiency=0.015,silver=0.08;goods_gold=0.03;tools=0.03,silver;goods_gold;tools,P12.1;MET-ROMAN-TRADE,contested,A broad precious-metal craft proxy rather than a named mint jewelry hoard or elite commission.,Ancient silverwork bench with silver bowls wire balance scale small hammers and polished metal
antq_reg_arrow_fletchery,Arrow Fletchery,A reusable workshop for arrow shafts iron points feathers and ordinary ranged equipment.,basic_industry_category,burghers,guild_employment,guild_build_time,local_production_efficiency=0.02,lumber=0.10;iron=0.05;tools=0.04,lumber;iron;tools,P12.1;P14,contested,A broad equipment craft proxy rather than a named arsenal troop issue or weapon total.,Ancient arrow fletchery with wooden shafts feathered arrows bows and small iron points
antq_reg_harness_maker,Harness Maker,A reusable leatherworking shop for bridles harness straps and animal-drawn transport fittings.,consumer_goods_category,burghers,guild_employment,guild_build_time,local_production_efficiency=0.02,leather=0.12;livestock=0.06;tools=0.03,leather;livestock;tools,P12.1;P12.3,contested,A broad transport-fitting proxy rather than a named stable caravan or military allocation.,Ancient leather harness maker with bridles buckled straps saddlebags and wooden workbench
antq_reg_wickerwork,Wickerwork Shed,A reusable basket and light-furniture weaving shed for ordinary household and market transport goods.,consumer_goods_category,burghers,guild_employment,guild_build_time,local_production_efficiency=0.015,fiber_crops=0.12;lumber=0.05;tools=0.02,fiber_crops;lumber;tools,P12.1;P12.3,contested,A broad woven-material proxy rather than a named reed right household producer or cargo record.,Ancient wickerwork shed with woven baskets carrying frames reed chairs and bundles of fiber
antq_reg_loom_house,Loom House,A reusable weaving house for finished cloth on upright looms and regional textile exchange.,consumer_goods_category,burghers,guild_employment,guild_build_time,local_production_efficiency=0.02,fiber_crops=0.14;cloth=0.06;tools=0.03,fiber_crops;cloth;tools,P12.1;P12.3,contested,A broad loom-work proxy rather than a named workshop dye recipe or textile quota.,Ancient loom house with upright loom dyed cloth bobbins and weighted warp threads
antq_reg_cauldron_smithy,Cauldron Smithy,A reusable casting and repair smithy for bronze cooking vessels and durable domestic fittings.,basic_industry_category,burghers,guild_employment,guild_build_time,local_production_efficiency=0.02,copper=0.12;tin=0.03;coal=0.04;tools=0.03,copper;tin;coal;tools,P12.1;P12.3,contested,A broad vessel-repair proxy rather than a named foundry alloy recipe or production total.,Ancient cauldron smithy with large bronze pot charcoal hearth tongs molds and metalworking tools
antq_reg_barge_chandlery,Barge Chandlery,A reusable supply shop for river-craft rope pitch fittings and short-haul cargo movement.,basic_industry_category,burghers,guild_employment,guild_build_time,local_production_efficiency=0.02,lumber=0.12;fiber_crops=0.08;tar=0.05;tools=0.03,lumber;fiber_crops;tar;tools,P12.1;MET-ROMAN-TRADE,contested,A broad river-supply proxy rather than a named boatyard fleet cargo manifest or route schedule.,Ancient river barge chandlery with rope coils pitch jars timber planks and small wooden river boat
antq_reg_combmaker,Combmaker,A reusable ivory and bone comb-cutting bench for ordinary grooming and small luxury goods.,consumer_goods_category,burghers,guild_employment,guild_build_time,local_production_efficiency=0.015,ivory=0.06;tools=0.03,ivory;tools,P12.1;P12.3;MET-ROMAN-TRADE,contested,"A broad antique craft proxy rather than a named workshop, owner, output, or route.",Ancient combmaker with carved ivory and bone combs fine saw and small workbench
antq_reg_bell_foundry,Bell Foundry,"A reusable bronze bell and small-casting workshop for civic ritual, animals, and market fittings.",basic_industry_category,burghers,guild_employment,guild_build_time,local_production_efficiency=0.02,copper=0.10;tin=0.03;coal=0.04;tools=0.03,copper;tin;coal;tools,P12.1;P12.3;MET-ROMAN-TRADE,contested,"A broad antique craft proxy rather than a named workshop, owner, output, or route.",Ancient bronze bell foundry with clay molds small bells crucible and charcoal hearth
antq_reg_oarwright,Oarwright,"A reusable workshop for river and coastal oars, thole pins, and light craft fittings.",basic_industry_category,burghers,guild_employment,guild_build_time,local_production_efficiency=0.02,lumber=0.14;fiber_crops=0.05;tar=0.03;tools=0.03,lumber;fiber_crops;tar;tools,P12.1;P12.3;MET-ROMAN-TRADE,contested,"A broad antique craft proxy rather than a named workshop, owner, output, or route.",Ancient oarwright with long wooden oars boat stern shavings and riverbank workbench
antq_reg_spindlework,Spindlework,A reusable spinning and spindle-fitting workshop preparing fiber for regional cloth production.,consumer_goods_category,burghers,guild_employment,guild_build_time,local_production_efficiency=0.02,fiber_crops=0.12;clay=0.03;tools=0.02,fiber_crops;clay;tools,P12.1;P12.3;MET-ROMAN-TRADE,contested,"A broad antique craft proxy rather than a named workshop, owner, output, or route.",Ancient spindlework room with upright spindles spun fiber clay whorls and woven baskets
antq_reg_torchmaker,Torchmaker,"A reusable workshop for beeswax torches, wick bundles, and practical lighting supplies.",consumer_goods_category,burghers,guild_employment,guild_build_time,local_merchant_capacity=0.01,beeswax=0.10;fiber_crops=0.04;pottery=0.03;tools=0.02,beeswax;fiber_crops;pottery;tools,P12.1;P12.3;MET-ROMAN-TRADE,contested,"A broad antique craft proxy rather than a named workshop, owner, output, or route.",Ancient beeswax torchmaker with bundled torches clay lamps wick strands and wax cakes
antq_reg_sieve_maker,Sieve Maker,A reusable reed-sieve and grain-sorting workshop for household and market handling.,consumer_goods_category,burghers,guild_employment,guild_build_time,local_merchant_capacity=0.01,fiber_crops=0.12;lumber=0.04;tools=0.02,fiber_crops;lumber;tools,P12.1;P12.3;MET-ROMAN-TRADE,contested,"A broad antique craft proxy rather than a named workshop, owner, output, or route.",Ancient sieve maker with round woven reed sieves grain basket and bundled cane
antq_reg_mortar_grinder,Mortar and Pestle Workshop,"A reusable stone-grinding workshop for culinary, dye, and apothecary implements.",basic_industry_category,burghers,guild_employment,guild_build_time,local_production_efficiency=0.02,stone=0.12;iron=0.03;tools=0.03,stone;iron;tools,P12.1;P12.3;MET-ROMAN-TRADE,contested,"A broad antique craft proxy rather than a named workshop, owner, output, or route.",Ancient mortar and pestle workshop with stone bowls crushed herbs chisels and grinding tools
antq_reg_seal_cutter,Seal Cutter,A reusable gem and seal-cutting bench for small personal and administrative objects.,consumer_goods_category,burghers,guild_employment,guild_build_time,local_production_efficiency=0.015,goods_gold=0.04;tools=0.03;dyes=0.02,goods_gold;tools;dyes,P12.1;P12.3;MET-ROMAN-TRADE,contested,"A broad antique craft proxy rather than a named workshop, owner, output, or route.",Ancient gem and seal cutter with engraved stones bow drill fine tools and wax seals
antq_reg_kiln_furniture,Kiln Furniture Workshop,"A reusable workshop for ceramic firing supports, shelves, and kiln accessories.",basic_industry_category,burghers,guild_employment,guild_build_time,local_production_efficiency=0.02,clay=0.14;lumber=0.06;tools=0.03,clay;lumber;tools,P12.1;P12.3;MET-ROMAN-TRADE,contested,"A broad antique craft proxy rather than a named workshop, owner, output, or route.",Ancient kiln furniture workshop with clay firing supports shelves props and domed kiln
antq_reg_reed_pen_maker,Reed-Pen Maker,"A reusable cutting and finishing workshop for reed pens, ink containers, and routine writing tools.",consumer_goods_category,burghers,guild_employment,guild_build_time,local_clergy_max_literacy=0.01,paper=0.08;dyes=0.03;lumber=0.03;tools=0.02,paper;dyes;lumber;tools,P12.1;P12.3;MET-ROMAN-TRADE,contested,"A broad antique craft proxy rather than a named workshop, owner, output, or route.",Ancient reed-pen maker with cut reeds ink jar papyrus sheet and trimming knife
antq_reg_sail_needle_shop,Sail-Needle Shop,"A reusable repair workshop for sail needles, awls, thread, and patched cloth.",basic_industry_category,burghers,guild_employment,guild_build_time,local_production_efficiency=0.02,lumber=0.08;fiber_crops=0.08;tar=0.04;cloth=0.04;tools=0.03,lumber;fiber_crops;tar;cloth;tools,P12.1;P12.3;MET-ROMAN-TRADE,contested,"A broad antique craft proxy rather than a named workshop, owner, output, or route.",Ancient sail-needle shop with patched sailcloth bronze needles awls and rope coil
antq_reg_pulley_workshop,Pulley Workshop,"A reusable woodworking shop for rope pulleys, tackle, and lifting fittings for trade and craft.",basic_industry_category,burghers,guild_employment,guild_build_time,local_production_efficiency=0.02,lumber=0.12;fiber_crops=0.08;tar=0.04;tools=0.03,lumber;fiber_crops;tar;tools,P12.1;P12.3;MET-ROMAN-TRADE,contested,"A broad antique craft proxy rather than a named workshop, owner, output, or route.",Ancient pulley workshop with wooden grooved wheels rope tackle timber pegs and dockside tools
antq_reg_locksmith,Locksmith,"A reusable workshop for bronze and iron locks, keys, hinges, and secure fittings.",basic_industry_category,burghers,guild_employment,guild_build_time,local_production_efficiency=0.02,copper=0.06;iron=0.06;coal=0.03;tools=0.03,copper;iron;coal;tools,P12.1;P12.3;MET-ROMAN-TRADE,contested,"A broad antique craft proxy rather than a named workshop, owner, output, or route.",Ancient locksmith bench with bronze keys lock plates hinges and small chisels
antq_reg_nailery,Nailery,"A reusable forge turning iron stock into nails, rivets, and ordinary construction fastenings.",basic_industry_category,burghers,guild_employment,guild_build_time,local_production_efficiency=0.02,iron=0.10;coal=0.05;tools=0.03,iron;coal;tools,P12.1;P12.3;MET-ROMAN-TRADE,contested,"A broad antique craft proxy rather than a named workshop, owner, output, or route.",Ancient iron nail forge with anvil nail rods tongs and charcoal hearth
antq_reg_chainmaker,Chainmaker,"A reusable forge for linked iron chain, hooks, and heavy transport fittings.",basic_industry_category,burghers,guild_employment,guild_build_time,local_production_efficiency=0.02,iron=0.11;coal=0.05;tools=0.03,iron;coal;tools,P12.1;P12.3;MET-ROMAN-TRADE,contested,"A broad antique craft proxy rather than a named workshop, owner, output, or route.",Ancient chainmaker forge with linked iron chain hooks anvil and charcoal furnace
antq_reg_wiredrawer,Wire Drawer,"A reusable bench drawing fine bronze wire for fittings, jewelry, and instrument work.",consumer_goods_category,burghers,guild_employment,guild_build_time,local_production_efficiency=0.015,copper=0.09;tin=0.02;tools=0.03,copper;tin;tools,P12.1;P12.3;MET-ROMAN-TRADE,contested,"A broad antique craft proxy rather than a named workshop, owner, output, or route.",Ancient bronze wire drawing bench with drawplate coils of wire and hand tools
antq_reg_shieldmaker,Shieldmaker,A reusable workshop assembling wooden and leather shields with metal fittings for civic and military demand.,weapons_industry_category,burghers,guild_employment,guild_build_time,local_garrison_size=0.01,lumber=0.12;leather=0.08;iron=0.03;tools=0.04,lumber;leather;iron;tools,P12.1;P12.3;MET-ROMAN-TRADE,contested,"A broad antique craft proxy rather than a named workshop, owner, output, or route.",Ancient shieldmaker workshop with oval shields wood leather bosses and fitting tools
antq_reg_scabbard_maker,Scabbard Maker,"A reusable leather and metal fitting shop for sword sheaths, straps, and repaired weapon furniture.",weapons_industry_category,burghers,guild_employment,guild_build_time,local_garrison_size=0.01,leather=0.10;copper=0.03;iron=0.02;tools=0.03,leather;copper;iron;tools,P12.1;P12.3;MET-ROMAN-TRADE,contested,"A broad antique craft proxy rather than a named workshop, owner, output, or route.",Ancient scabbard maker bench with leather sword sheath bronze fittings awls and knives
antq_reg_fishing_tackle,Fishing-Tackle Workshop,"A reusable workshop for nets, hooks, floats, cord, and coastal fishing gear.",naval_category,burghers,guild_employment,guild_build_time,local_sailors=0.008,fiber_crops=0.10;iron=0.03;lumber=0.04;tools=0.03,fiber_crops;iron;lumber;tools,P12.1;P12.3;MET-ROMAN-TRADE,contested,"A broad antique craft proxy rather than a named workshop, owner, output, or route.",Ancient fishing tackle workshop with nets hooks floats cord coils and wooden rack
antq_reg_feltworks,Feltworks,"A reusable fulling and pressing yard for dense felt cloth, mats, and practical coverings.",consumer_goods_category,burghers,guild_employment,guild_build_time,local_production_efficiency=0.02,wool=0.13;cloth=0.04;tools=0.02,wool;cloth;tools,P12.1;P12.3;MET-ROMAN-TRADE,contested,"A broad antique craft proxy rather than a named workshop, owner, output, or route.",Ancient feltmaking workshop with wool mats water vat bow and pressing bench
antq_reg_carpet_loom,Carpet Loom,A reusable upright loom for patterned woolen coverings and durable household textiles.,consumer_goods_category,burghers,guild_employment,guild_build_time,local_production_efficiency=0.02,wool=0.12;dyes=0.04;tools=0.02,wool;dyes;tools,P12.1;P12.3;MET-ROMAN-TRADE,contested,"A broad antique craft proxy rather than a named workshop, owner, output, or route.",Ancient carpet loom with patterned wool textile thread spools and upright wooden frame
antq_reg_cork_workshop,Cork Workshop,"A reusable cutting and finishing workshop for cork stoppers, floats, and light fittings.",consumer_goods_category,burghers,guild_employment,guild_build_time,local_merchant_capacity=0.01,lumber=0.10;fiber_crops=0.04;tools=0.02,lumber;fiber_crops;tools,P12.1;P12.3;MET-ROMAN-TRADE,contested,"A broad antique craft proxy rather than a named workshop, owner, output, or route.",Ancient cork workshop with cork bark stoppers knives basket and wooden workbench
antq_reg_brushmaker,Brushmaker,"A reusable workshop for bristle brushes, wooden handles, and cleaning or finishing tools.",consumer_goods_category,burghers,guild_employment,guild_build_time,local_merchant_capacity=0.01,livestock=0.06;lumber=0.08;fiber_crops=0.03;tools=0.02,livestock;lumber;fiber_crops;tools,P12.1;P12.3;MET-ROMAN-TRADE,contested,"A broad antique craft proxy rather than a named workshop, owner, output, or route.",Ancient brushmaker bench with bristle brushes wooden handles twine and cutting knife
antq_reg_tesserae_kiln,Tesserae Kiln,A reusable kiln and sorting yard for colored glass and stone mosaic cubes.,basic_industry_category,burghers,guild_employment,guild_build_time,local_production_efficiency=0.02,glass=0.08;stone=0.08;clay=0.05;lumber=0.05;tools=0.03,glass;stone;clay;lumber;tools,P12.1;P12.3;MET-ROMAN-TRADE,contested,"A broad antique craft proxy rather than a named workshop, owner, output, or route.",Ancient mosaic tesserae kiln with colored glass stone cubes clay bowls and small domed furnace
